スマートフォン,エプソン,化粧落とし,アンテナケーブル,ウォータークーラー
"
【セット割】ASUS Zenfone Max M2 ミッドナイトブラック (4GB/64GB)【日本正規代理店品】+ Samsung SDカード
","
エプソン プリンター インクジェット複合機 カラリオ EP-883AR レッド(赤)
","
ファンケル (FANCL) 新マイルドクレンジング オイル 1本 120mL (約60回分) メイク落とし
","
Postta アンテナケーブル 3M 同軸ケーブル S-4C-FB 4K8K 地デジ・BS・CS・CATV放送対応 金メッキプラグ F型プラグ ホワイト
","
BAOSHISHAN 水槽クーラー チラー ウォータークーラー 水槽冷却 デジタルディスプレイ ウォーターポンプ付き 循環式クーラー 家庭用 水族館や魚屋や養魚場に適用 110Ｖ 黒い (HS-66A型、300L)
"
"
【セット割】ASUS Zenfone Max Pro M2 ミッドナイトブルー (6GB/64GB)【日本正規代理店品】+ Samsung SDカード
","
インクのチップス エプソン用 MUG-BK 互換インク ブラック 4本セット (マグカップ互換) EW-452A EW-052A 対応
","
kikimate キキメイト クレンジングジェル メイク落とし クレンジングフォーム【W洗顔不要 まつエクOK】 毛穴汚れ 黒ずみ用 敏感肌 乾燥肌 オイルフリー 無添加 オーガニック 保湿 120g
","
Postta アンテナケーブル 30M 同軸ケーブル S-4C-FB 4K8K 地デジ・BS・CS・CATV放送対応 金メッキプラグ F型プラグ ブラック
","
HAMILO 水冷ブロック ウォータークーラー アルミニウム製 CPU ラジエーター 3点セット
"
"
スマホ 本体 Blackview BV5900 simフリー スマートフォン 本体 4G アウトドア 防水スマホ 防塵スマホ 耐衝撃スマホ Android 9.0 1300万画素+500万画素 5580mAh 3GB RAM+32GB ROM タフスマホ 携帯電話 技適認証済み AU対応不可 1年間保証付き(ブラック)
","
エプソン用 ITH(イチョウ)互換インク ITH-6CL 互換 6色+黒1本 計7本
","
Dove(ダヴ) ダヴ ボタニカルセレクション ポアビューティー 限定処方 オイルクレンジング 165ml
","
アンテナケーブル 0.3m 5Cケーブル 2本 F型オス wuernine テレビ 同軸ケーブル ネジ込み式 BS CS 地デジ 4K8K放送対応 L型変換プラグ付き
","
ウォータークーラー、コンピューター水冷、PCコンピューター水冷用18チューブ120mm / 360mmスレッド(360mm)
"
"
Blackview BV6300Pro スマホ本体 新品 simフリー スマートフォン本体 防水スマホ/耐衝撃/防塵 タフスマホ Android10 端末 6GB RAM+128GB ROM ゲーム対応 4380mAh大容量バッテリー 長持ち 1600万画素 800万画素 5.7インチスクリーン 4Gネットワーク sim*2枚支持 LEDライト付き 1年間保証付き (黄色い)
","
Okelet 1613717 プロジェクターのリモコン、に適しています エプソン Epson EB-520/ EB-525W/ EB-530/ EB-530S/ EB-535W/ EB-536Wi/ EB-570/ EB-575W/ EB-575Wi/ EB-580/ EB-585W/ EB-585Wi/ EB-590WT/ EB-595Wi
","
再春館製薬所 ドモホルンリンクル 化粧落しジェル 約60日分 メイク落とし クレンジング スキンケア
","
アンテナケーブル 5m 5C テレビケーブル 同軸ケーブル L型変換プラグ付き wuernine F型オス BS CS 地デジ 4K8K放送対応 ネジ込み式
","
CPUヒートシンク、CPUウォータークーラー、G1 / 4スレッドクーラー、PC水冷システム用産業機器用
"
"
ASUS スマートフォン ROG Phone 3(16GB/512GB/Qualcomm Snapdragon 865 Plus/6.59型ワイド AMOLEDディスプレイ Corning Gorilla Glass 6/Android 10 (ROG UI)/ブラックグレア)【日本正規代理店品】ZS661KS-BK512R16/A
","
エプソン プリンター インクジェット複合機 カラリオ EP-882AW ホワイト(白) 2019年新モデル
","
【Amazon.co.jp限定】 Bifesta(ビフェスタ) うる落ち水クレンジングシート ブライトアップ セット 46枚×3個
","
HORIC アンテナケーブル S-4C-FB同軸 3.0m ホワイト BS/CS/地デジ/4K8K放送対応 F型差込式/ネジ式コネクタ L字/ストレートタイプ HAT30-921LS
","
日立 ウォータークーラー 冷・温水兼用 タンク式 卓上形 RW1810BH
"
"
UMIDIGI A7 Pro スマートフォン、simフリー スマホ 本体 au不可 4GB RAM + 64GB スマホ Android 10 グローバルLTEバンド対応 6.3インチ FHD+ディスプレイクアッドカメラ Googleアプリ対応 [一年保証] オーシャンブルー
","
エプソン プリンター インクジェット複合機 カラリオ EW-452A 2019年新モデル
","
箸方化粧品 化粧落し 150g 5本入り（クレンジング）
","
HORIC アンテナケーブル S-4C-FB同軸 1.0m ホワイト BS/CS/地デジ/4K8K放送対応 両側F型ネジ式コネクタ ストレート/ストレートタイプ HAT10-914SS
","
日立 ウォータークーラー 冷水専用 水道直結式 卓上形 RW145P
"
"
シャープ AQUOS sense2 SH-M08 アーバンブルー5.5インチ SIMフリースマートフォン［メモリ 3GB/ストレージ 32GB/IGZOディスプレイ］ SH-M08-A
","
エプソン スキャナー ES-60WB (モバイル/A4/USB対応/Wi-Fi対応/ブラック)
","
オルナ オーガニック クレンジングジェル 無添加 「 毛穴 開き 黒ずみ 用」 メイク落とし 130ｇ
","
TARO'S アンテナケーブル 3M 4K8K放送(3224MHz)対応 S-4C-FB 4C同軸 地デジ・BS・CS・CATV放送対応 金メッキプラグ L型プラグ（差込式）⇔F型接栓プラグ（ネジ式） ブラック 4CLF-03BK エコ簡易パッケージ タローズ
","
Nishiyama(ニシヤマ) マイフレッシュウォータークーラー水道直結タイプ MF51P2
"
"
[bodenbaum] らくらくスマートフォン F-42A 手帳型 スマホケース カード スマホ ケース カバー ケータイ 携帯 FUJITSU 富士通 らくらくスマートフォン docomo 薔薇 花柄 バラ ローズ f-186-deco (A.パステルピンク)
","
【旧モデル】EPSON プロジェクター 3200lm SVXGA+ VGA RCA HDMI対応 EB-S05
","
(ナノア)NANOA 医師が大注目のヒト幹細胞クレンジングオイル メイク落とし 化粧落とし W洗顔不要 ホホバオイル アルガンオイル 無添加 200mL
","
TARO'S アンテナ分波器 入力/出力一体型ケーブル付き 4K8K放送(3224MHz)/BS/CS/地デジ/CATV 対応 4C-FBケーブル 1.5M + 20cm*2 金メッキ ホワイト 小型ボディ 3重シールド TS-ABGL07WH
","
日立 ウォータークーラー 冷・温水兼用 タンク式 卓上形 RW1210BH
"
"
【2枚セット】らくらくスマートフォン F-42A 専用ガラスフィルム らくらくスマートフォン F-42A 専用液晶保護フィルム 強化ガラスフィルム 最新版 日本製素材旭硝子製 99% の透過性 2.5D ラウンドエッジ加工 極上のタッチ感 0.33mm超薄 硬度9H 耐指紋 らくらくスマートフォン F-42A 専用液晶保護フィルム RuiMi (らくらくスマートフォン F-42A)
","
エプソン プリンター インクジェット複合機 カラリオ EP-713A
","
麗白 ハトムギ クレンジングオイル 500mL
","
DXアンテナ アンテナケーブル 【2K 4K 8K 対応】 1m F形プラグ/F形プラグ 4C ライトグレー 4JW1FFS(B)
","
ナカトミ(NAKATOMI) ウォータークーラー(床置形) 冷水専用 NWC-F30C
"
"
OUKITEL C18 Pro（2020）SIMフリースマートフォン本体、広角カメラ（16MP + 8MP + 5MP + 2MP）、Helio P25プロセッサ4GB + 64GB 4000mAhバッテリスマホ、本体6.55インチHFD +画面顔認証認証（24か月保証）
","
エプソン プリンター エコタンク搭載 A4カラーインクジェット複合機 EW-M752T1 2019年モデル 写真用紙スクエア 20枚入 ドキュメントパック非同梱モデル
","
ビオレ メイク落とし パーフェクトオイル 230ml
","
HORIC アンテナケーブル S-4C-FB同軸 2.0m ブラック BS/CS/地デジ/4K8K放送対応 両側F型差込式コネクタ L字/ストレートタイプ HAT20-052LPBK
","
日立 ウォータークーラー 冷水専用 水道直結式 床置形RW-225P
"
"
らくらくスマートフォン F-42A ケース らくらくスマートフォン me F-01L ケース docomo らくらくスマートフォンF01L カバー 耐衝撃 スマホケース 保護フィルム Breeze 3DP 正規品 [F01LJ008HD]
","
エプソン プリンター インクジェット複合機 カラリオ EP-712A 2019年新モデル
","
ファンケル (FANCL) 新マイルドクレンジング オイル 1本 120mL (約60回分) メイク落とし
","
エレコム アンテナケーブル 【 4K 8K対応 】 F型端子 差込式L字-差込式ストレート スリムケーブル 2.0m ブラック DH-ATLS48K20BK
","
キャプテンスタッグ(CAPTAIN STAG) ジャグ リガード ウォータージャグ&クーラー
"
"
らくらくスマートフォン F-42A ケース らくらくスマートフォン me F-01L ケース docomo らくらくスマートフォンF01L カバー 耐衝撃 スマホケース 保護フィルム Breeze 正規品 [F01L1810HD]
","
エプソン フォトスキャナー FF-680W (シートフィード/A4/USB対応/Wi-Fi対応/写真簡単スキャン)
","
カウブランド無添加 メイク落としオイル 150ml
","
HORIC 極細アンテナケーブル S-2.5C-FB同軸 5.0m ホワイト BS/CS/地デジ/4K8K放送対応 両側F型差込式コネクタ L字/ストレートタイプ HAT50-109LPWH
","
日立 ウォータークーラー 冷水専用 タンク式 卓上形 RW189B-6036 【7728077
"
"
Xiaomi Redmi Note 9S グローバル版 (6GB RAM 128GB ROM)・SIMフリー スマートフォン 日本語対応・Android 10搭載 Googleアプリ対応 4800万画素カメラ 5020mAhバッテリ 6.67インチ IPS 1080 x 2400 (Aurora Blue/オーロラ ブルー）
","
エプソン インクジェット複合機 EW-M752T
","
KOSE コーセー ソフティモ スピーディ クレンジングオイル 230ml
","
エレコム アンテナケーブル 2.5C スリムタイプ F型端子 差込式L字-差込式ストレート型 1m ブラック AV-ATLS10BK
","
日立 ウォータークーラー 冷水専用 タンク式 卓上形RW-1211B
"
"
スマ通 らくらくスマートフォンme F-01L 国内生産 ミラー スマホケース 手帳型 FUJITSU 富士通 らくらくスマートフォンミー 【5-ホワイト×ピンク】 エッフェル塔 パステルカラー q0002-e0240
","
【旧モデル】エプソン ビジネスプロジェクター/液晶/3300lm/WXGA/2.5kg EB-W05
","
Bifesta(ビフェスタ) うる落ち水クレンジング アイメイクアップリムーバー ポイントメイク落とし セット 145ml×2個
","
F-Factory アンテナ分波器 入力/出力一体型ケーブル付き 4K8K放送(3224MHz)/BS/CS/地デジ/CATV 対応 S-4C-FB同軸ケーブル 1.5m+0.2m 金メッキ ホワイト 小型ボディ FF-4830WH
","
大型 ステンレス キーパー（広口タイプ）30L 魔法瓶 ポータブルクーラー 水飲料コーヒーミルクジュースの家族の集まりに使用（保温・保冷 ウォータージャグ）
"
"
HUAWEI P30 Lite パールホワイト【日本正規代理店品】
","
エプソン プリンター インクジェット複合機 カラリオ EP-813A + インク + 5年保証 セット
","
ビオレ 泡クリームメイク落とし 本体 210ml ［毛穴の下地・ファンデをしっかり落とす］[オイルフリー］［W洗顔不要］ クレンジング
","
Postta アンテナケーブル 10M 同軸ケーブル S-4C-FB 4K8K 地デジ・BS・CS・CATV放送対応 金メッキプラグ F型プラグ ブラック
","
日立 ウォータークーラー 冷水専用 水道直結式 自動洗浄機能付 床置形RW-226PD
"
"
SHARP SIMフリースマホ AQUOS sense3 ブラック SH-M12-B
","
EPSON 写真用紙[光沢] L判 500枚 KL500PSKR
","
KOSE コーセー ソフティモ クレンジングコットン (ハニーマイルド) 80枚
","
ホーリック アンテナ分波器 4K8K放送(3224MHz)/BS/CS/地デジ/CATV 対応 ケーブル2本付属 40cm ブラック AE-471BK
","
Nishiyama(ニシヤマ) マイフレッシュウォータークーラー水道直結タイプ MFD51P2
"
"
【UQ mobile】サムスン Galaxy A20 ブラック※回線契約後発送 スマホプランS/Rのみ (MNP専用)
","
エコリカ エプソン(Epson)対応 リサイクル インクカートリッジ IC6CL50+ICBK50 6色セット+ブラック(目印:ふうせん) ECI-E506P+BK
","
クレンジング ジェル メイク落とし 毛穴 黒ずみ LaViness（ラヴィネス） 無添加 大容量 【敏感肌/乾燥肌/混合肌】180g クレンジングフォーム
","
TARO'S アンテナケーブル 3M 4K8K放送(3224MHz)対応 S-4C-FB 4C同軸 地デジ・BS・CS・CATV放送対応 金メッキプラグ L型プラグ（差込式）⇔F型接栓プラグ（ネジ式） ホワイト 4CLF-03WH エコ簡易パッケージ タローズ
","
FRECIOUS dewo bottle ウォーターサーバー(スカイグレー)
"
"
OUKITEL C19 スマートフォン本体 4G スマホ本体 SIM フリー Androidスマートフォン本体 6.49 HDインチ 13MP+2MP+2MP 4000mAh RAM 2GB + ROM16GB（256GBまでサポートする)Android 10.0 端末 携帯電話 1年間保証付き
","
GPC Image KAM-6CL-L + KAM-BK-L エプソン カメ インクカートリッジ 7本パック Epson EP-882AW EP-882AB EP-882AR EP-881AW EP-881AB EP-881AR EP-881AN 互換インク 残量表示機能 2年保証 個包装 大容量 説明書付
","
サンタマルシェ ディープクレンジング
","
Amazonベーシック テレビケーブル CL2規格準拠 同軸 1.2m
","
Poafamx 水槽ヒーター 水槽クーラー 15-30℃調整可能 ウォータークーラー 水冷設備 パイプ付き ウォーターポンプ付き 小型循環式クーラー デジタル表示 恒温 低ノイズ 省エネルギー 環境保護 家庭用/水族館/魚屋/養魚場 110V (20L冷却と加熱両用)
"
"
Hohem iSteady X スマホ スタビライザー 手持ち 3軸 ジンバル 折りたたみ式 超軽量 259ｇ ミニ三脚付き iPhone スマートフォン ジンバル スタビライザー ハンドヘルド Vlog Youtuber ライブビデオ iPhone Android用
","
GPC Image エプソン クマノミ インク KUI-6CL-L 6色セット EPSON KUI 互換インク EP-880AW EP-880AB EP-880AR EP-880AN EP-879AW EP-879AB EP-879AR インク 残量表示機能 2年保証 個包装 大容量 説明書付
","
キュレル ジェルメイク落とし 130g
","
Amazonベーシック ハイスピードHDMIケーブル - 1.8m (タイプAオス - タイプAオス)
","
Poafamx 水槽ヒーター 水槽クーラー ウォータークーラー 水冷設備 20L冷却と加温両用 デジタル表示 ウォーターポンプ付き パイプ付き 恒温 低ノイズ 省エネルギー 環境保護 家庭用/水族館/魚屋/養魚場 110V 日本語取扱説明書付き (20L冷却と加温)
"
"
ASUS Zenfone Max M2 スペースブルー (4GB/64GB)【日本正規代理店品】 ZB633KL-BL64S4/A
","
エプソン プリンター インクジェット複合機 カラリオ EP-883AB ブラック(黒)
","
【2019リニューアル NEW】アテニア スキンクリアクレンズ オイル アロマタイプ クレンジング レギュラーボトル 175ml クレンジングオイル 柑橘系アロマ 糖化ケア 肌ステイン
","
マスプロ 2C アンテナケーブル 0.2m 2本セット [ 4K 8K BS CS CATV 地デジ 対応/両端F型ストレート ネジ式 ] ケーブル 同軸ケーブル (SS0.2m-2C-2P)
","
igloo(イグルー) クーラーボックス ウォータークーラー レガシィ 2.5ガロン ジャグ 00141957
"
"
【2枚セット】らくらくスマートフォン F-42A / らくらくスマートフォン me F-01L ガラスフィルム らくらくスマートフォン me F-01L フィルム 強化ガラス 保護フィルム 日本旭硝子素材AGC 硬度9H 気泡ゼロ 飛散防止 高感度 高透過率 衝撃吸収 指紋防止 貼り付け簡単 液晶ガラス フィルム【Hcsxlcj】（F-01L）
","
エプソン スキャナー GT-X830 (フラットベッド/A4/6400dpi)
","
kikimate キキメイト クレンジングジェル メイク落とし クレンジングフォーム【W洗顔不要 まつエクOK】 毛穴汚れ 黒ずみ用 敏感肌 乾燥肌 オイルフリー 無添加 オーガニック 保湿 120g
","
DXアンテナ アンテナケーブル 【2K 4K 8K 対応】 1m F形プラグ/F形プラグ 2C ライトグレー 2JW1FFS(B)
","
チャイルドセーフティロック付きホット/コールドトップローディングカウンタートップウォータークーラーディスペンサー、 カウンター電気卓上給水機、 オフィスに最適 会議室
"
"
らくらくスマートフォン F-42A ケース らくらくスマートフォン me F-01L ケース docomo らくらくスマートフォンF01L カバー 耐衝撃 スマホケース 保護フィルム Breeze 正規品 [F01L2064HD]
","
コピー用紙 A4 純正スーパーファイン紙 厚み0.12mm 250枚 KA4250SFR
","
美人ぬか 純米化粧落とし (クレンジングジェル) 150g
","
DXアンテナ 分波器 【2K 4K 8K 対応】 BS/CS-IF出力 入力端子間通電 ノイズに強い出力ケーブル一体型(2m/0.5m) MBUM2WS(B)
","
Rubbermaid(ラバーメイド) ウォータージャグ 11.3L 部活 キャンプ バーべキュー クーラー FG16830111
"
"
らくらくスマートフォン F-42A ケース らくらくスマートフォン me F-01L ケース docomo らくらくスマートフォンF01L カバー 耐衝撃 スマホケース 保護フィルム Breeze 正規品 [F01L2042HD]
","
Epson 印刷サービス プラグイン
","
洗顔専科 オールクリアオイル 洗い流し専用 メイク落とし 詰め替え 本体 230ml
","
室内アンテナ テレビアンテナ HD 1080P 地デジ ブースター内蔵 120km 高性能受信 アンテナケーブル 5m 地デジ専用 高感度 UHF VHF対応 USB式 設置簡joy-02
","
Poafamx 水槽ヒーター 加熱 水槽クーラー 15-30℃調整可能 ウォータークーラー 水冷設備 パイプ付き ウォーターポンプ付き 小型循環式クーラー デジタル表示 恒温 低ノイズ 省エネルギー 環境保護 家庭用/水族館/魚屋/養魚場 110V (35L冷却と加熱両用)
"
"
らくらくスマートフォン F-42A ケース 手帳型 らくらくスマートフォン me F-01L ケース docomo らくらくスマートフォンF01L カバー 耐衝撃 スマホケース 保護フィルム Breeze 正規品 [F01LF013HD]
","
エプソン 純正 インクボトル トビバコ TOB-GY グレー
","
チャコット フォー プロフェッショナルズ クレンジングウォーター 500ml
","
【2020地上最強のバージョン】地デジ 室内アンテナ HDTV テレビアンテナ 120KM受信範囲 高感度 UHF VHF対応 車載 卓上アンテナ 5ｍケーブル 設置簡単 USB式 - KIA3
","
VBESTLIFE 冷却システム 冷却ブロック・ウォーターブロック 銅ベースPOMカバー コンピュータGPUウォータークーラー
"
"
らくらくスマートフォン F-42A ケース 手帳型 らくらくスマートフォン me F-01L ケース docomo らくらくスマートフォンF01L カバー 耐衝撃 スマホケース 保護フィルム Breeze 正規品 [F01LE021HD]
","
[エプソン] 腕時計 オリエント時計 スポーツ 復刻モデル Revival of SK Model 期間限定販売 RN-AA0B03L メンズ
","
Dove(ダヴ) ダヴ ボタニカルセレクション ビューティーレジリエンス シルキークリームクレンジング 165mL
","
Hanwha 4K 8K 地デジ/BS/CS/CATV放送対応 アンテナケーブル 0.5m (50cm) [1年保証/相性保証][3224MHz対応][ストレート-ストレート][両端 F型 ネジ式コネクタ][S4C-FB 同軸ケーブル] UMA-ATC05.
","
Poafamx 水槽クーラー 15-30℃調整可能 60L 冷却 ウォータークーラー 水冷設備 パイプ付き ウォーターポンプ付き 小型循環式クーラー デジタル表示 恒温 低ノイズ 省エネルギー 環境保護 家庭用/水族館/魚屋/養魚場/ホテル 110V 日本語取扱説明書付き (60L冷却だけ)
"
"
UMIDIGI F2 SIMフリースマートフォン Android 10.0 FHD+ 6.53インチ全画面 パンチホールディスプレイ 48MP+13MP+5MP+5MPクアッドリアカメラ 128GB ROM + 6GB RAM Helio P70オクタコア 5150mAh大容量バッテリー 18W高速充電 顔認証 指紋認証 技適認証済 au 使えます (ブラック)
","
エプソン 純正 インクボトル トビバコ TOB-PB フォトブラック
","
ダヴ ボタニカルセレクション ポアビューティー オイルクレンジング 165ml
","
【2020地上最強】Morza 室内アンテナ HDTVアンテナ 120KM受信範囲 信号ブースター付き UHF VHF対応 全種類テレビ対応 5ｍケーブル - KIXF.4
","
サラヤ ウォータークーラー WT-1000P 51014
"
"
2in1タッチペン MEKO スタイラスペン スマートフォン タブレット スタイラスペン iPad iPhone Android ホワイト
","
EPSON dreamio ホームプロジェクター(2500000:1 2000lm) WXGA対応 メディアストリーミング端末なし EF-100B
","
【Amazon.co.jp限定】 Dove(ダヴ) ミルククレンジング 詰替え用 180mL×3個 おまけ付き
","
Postta アンテナケーブル 3M 同軸ケーブル S-4C-FB 4K8K 地デジ・BS・CS・CATV放送対応 金メッキプラグ F型プラグ ホワイト
","
Poafamx 水槽ヒーター 水槽クーラー ウォータークーラー 水冷設備 20L冷却と加温両用 デジタル表示 ウォーターポンプ付き パイプ付き 恒温 低ノイズ 省エネルギー 環境保護 家庭用/水族館/魚屋/養魚場 110V 日本語取扱説明書付き (20L冷却と加温)
"
"
【2枚セット】FOR らくらくスマートフォン F-42A me F-01L フィルム 保護ガラスフィルム 液晶保護 保護シート 耐衝撃 日本製素材旭硝子製 9H硬度 ガラスフィルム 浮き防止 良質な 気泡なし 気泡ゼロ 3D Touch対応 貼り付け簡単 薄型 高透過率貼り直しが可能 高感度 耐久【ZKBEET】【2枚セット】F-01L
","
エプソン 純正 インクカートリッジ カードケース IB10CL4A 4色パック
","
[ 医薬部外品 ] MEDISTHE 薬用 ニキビ 予防 毛穴 洗浄 クレンジングバーム 85g [ くすみ 黒ずみ 保湿 メイク落とし 化粧落とし ニキビケア 毛穴ケア クレンジング オイル バーム 顔 フェイス 角質 肌荒れ メンズ レディース 業務用 ]
","
HORIC 極細アンテナケーブル 3m ブラック BS/CS/地デジ/4K8K放送対応 F型差込式/ネジ式コネクタ L字/ストレートタイプ HAT30-252LSBK
","
Igloo IWCTL352CHWH 保温・保冷 上から載せるウォータークーラーディスペンサー 3ガロンと5ガロンのボトルを収納 子供安全ロック 家庭 キッチン オフィス 寮に最適 ホワイト
"
"
Blackview A80 SIMフリー スマートフォン本体 Android 10.0 スマホ本体 6.21インチ ディスプレイ+2GBのRAM + 16GBのROM スマホ 4200mAhバッテリー13MPフロントカメラ 顔認証 指紋認証 技適認証済 グローバルLTEバンドAU不可 (ブラック)
","
エプソン プリンター A4 インクジェット PX-105
","
【Amazon.co.jp限定】 Bifesta(ビフェスタ) うる落ち水クレンジングシートモイスト メイク落としシート セット 46枚×3個
","
分波器 テレビ アンテナケーブル 4K8K BS CS 地デジ 入力 ケーブル付き 一体型 1.5m 0.3m 4K ノイズに強い プラチナアンテナ ケーブル
","
象印 真空ドリンクディスペンサー /63-1255-35
"
"
【進化版】UMIDIGI A7 Pro スマートフォン本体 Android 10.0 スマホ本体 6.3 FHD+フルスクリーン SIMフリー スマホ 本体16MP+16MP+5MP 4眼カメラ 4150mAh 4GB RAM + 128GB ROM オクタコア グローバルバージョン 顔認証 指紋認証 技適認証済 au 使えます(コスミックブラック)
","
エプソン プリンター インクジェット複合機 カラリオ EP-982A3 2019年新モデル
","
メイク落とし 【 クレンジング オイル 】「 お風呂 で 使える クレンジングオイル 」「 W 洗顔 不要 」「 ウォータープルーフ OK 」 フィス ホワイト 毛穴 気にならない 化粧落とし メンズ も使用可能 オイル 大容量 200ｍｌ
","
YOU+ [4K8K対応] アンテナケーブル　F型＋F型コネクタ（4K8K・地デジ・CATV・BS・CS対応） (1.5ｍ)
","
[Amazon限定ブランド] 良品物語 大分県産 阿蘇くじゅう連山由来 天然水 ミネラルウォーター 525ml×40本
"
"
Simpeak【2枚入り】らくらくスマートフォン F-42A 対応 ケース らくらくスマートフォン me F-01L 適応 クリア 保護カバー ソフトTPU 耐衝撃 超軽量 薄型 指紋防止
","
EPSON プロジェクター EB-X41 3600lm 15000:1 XGA 2.5kg 無線LAN対応(オプション)
","
メイク落とし オイル クレンジング オルナ オーガニック 200ml 「 お風呂場での メイク落としに 」「 洗顔 にも 使える 」「 コラーゲン ヒアルロン酸 ビタミンC誘導体 配合 日本製 」
","
日本アンテナ テレビ接続ケーブル S4C 4K8K対応 2m S型スクリュープラグ-L型プラグ ホワイト CS4GLRS2C
","
Hao large oscillating fashion conditioning 朔ハオスタイリッシュなエアコン付きの空気冷却器のファンサイレントファン省エネ家庭用暖房とエアコンウォータークーラーファン空気冷却器の小さな贈り物 base remote fan with fan, black
"
"
OKAYONE X7 PLUSスマートフォン アウトドア IP68防水防塵 落下防止 2.45インチ 2GB RAM+16GB ROMクアッドコア Android 6.0 1.3GHz フリー 携帯電話 スマートフォン 4Gデュアル sim 指紋認証 3100mAh大容量 快速充電 多機能 工事現場 建築現場 登山 旅行 冒険など場合に適します（ブラック イエロー）
","
Rich Lighting ELPLP65 ランプ エプソン ELPLP65 EB-1775W EB-1776W EB-1771W EB-1761W EB-1770W EB-1750 EB-1751 EB-1760W プロジェクター 交換用 ランプ
","
キュレル ジェルメイク落とし 130g×3個 130g × ３点
","
室内アンテナ HDTVアンテナ 100KM受信範囲 信号ブースター付き UHF VHF対応 全種類テレビ対応 5ｍケーブル (White)
","
Poafamx 水槽ヒーター 水槽クーラー最低温度24度冷却と加温 ウォータークーラー 水冷設備 パイプ付き ウォーターポンプ付き 小型循環式クーラー デジタル表示 恒温 低ノイズ 省エネルギー 環境保護 家庭用/水族館/魚屋/養魚場 110V (30L冷却と加温)
"
"
ミンク ファー ハンドウォーマー レディース 手首 アームウォーマー ファー手袋 フィンガーレスグローブ 指切り スマートフォン対応 暖かい ニット 冬 クリスマスプレゼント
","
LCL EPSON用 エプソン用 KSU-BK-L クツ (6パック ブラック) 互換インクボトル 対応機種:Epson EW-M5071FT/EW-M5071FTE/EW-M660FT/EW-M660FTE/PX-M160T/PX-M160TE/PX-S160T/PX-S160TE
","
【Amazon.co.jp限定】 ビオデルマ サンシビオ エイチツーオー D 500mL+60mL セット
","
TARO'S アンテナ分波器 入力/出力一体型ケーブル付き 4K8K放送(3224MHz)/BS/CS/地デジ/CATV 対応 4C-FBケーブル 1.5M + 20cm*2 金メッキ ホワイト 小型ボディ 3重シールド TS-ABGL07WH
","
Poafamx 水槽クーラー 15-30℃調整可能 60L 冷却 ウォータークーラー 水冷設備 パイプ付き ウォーターポンプ付き 小型循環式クーラー デジタル表示 恒温 低ノイズ 省エネルギー 環境保護 家庭用/水族館/魚屋/養魚場/ホテル 110V 日本語取扱説明書付き (60L冷却だけ)
"
"
OUKITEL WP6 SIMフリースマートフォン 防水防塵耐衝撃防災 10000mAhバッテリースマホ本体 6GB RAM 128GB ROM 48MP AI 3カメラHelio P70オクタコアプロセッサー6.3インチFHD+ 画面2340*1080解像度デュアルSIM Android 9.0 GPS OTG 1年間保証
","
エプソン用 ITH(イチョウ)互換インク ITH-6CL 互換 6色セット
","
ビフェスタ うる落ち水クレンジング シート ブライトアップ 46枚
","
アンテナケーブル 1M 4K8K放送(3224MHz)対応 S-4C-FB 4C同軸 地デジ・BS・CS放送対応 ホワイト 金メッキプラグ L型プラグ⇔ストレートプラグ 4CFB-LS1WH エコ簡易パッケージ TARO'S
","
エアクーラー家庭用シングルコールドタイプクーラーウォータークーリングミュートモバイル冷却ファン
"
"
OUKITEL WP5 (2020) アウトドア スマートフォン SIMフリー スマホ本体 Android 10 IP68 防水 防塵 耐衝撃 SIMフリースマートフォン本体 4GB RAM + 32GB ROM 8000mAh 5.5インチ 指紋認識 顔認証 携帯電話 デュアルSIM(Nano) 13MP SONY リアデュアルカメラ LEDライト 防災用品 1年間保証付き (オレンジ)
","
エプソン プリンター ハガキプリンター PF-81-2021 年賀状 宛名達人 2021年度版
","
シュウウエムラ アルティム8∞スブリム ビューティー クレンジングオイル450ml
","
アンテナケーブル 2M 4K8K放送(3224MHz)対応 S-4C-FB 4C同軸 地デジ・BS・CS放送対応 ホワイト 金メッキプラグ L型プラグ⇔ストレートプラグ 4CFB-LS2WH エコ簡易パッケージ TARO'S
","
ILMBERGER / イルムバーガーカーボンパーツ エアチューブ 左側 (ウォータークーラーカバー) - BMW R 1200 GS Adventure (LC) | WKL.003.GSA12.
"
"
ASUS Zenfone Max M2 ミッドナイトブラック (4GB/32GB) 【日本正規代理店品】 ZB633KL-BK32S4/A
","
EPSON 写真用紙ライト[薄手光沢] L判 400枚 KL400SLU
","
ソフティモ スピーディ クレンジングオイル つめかえ200mL
","
地デジ・BS・CS放送対応 アンテナケーブル 1m S4CFB 4C同軸ケーブル L型プラグとストレートプラグ/Z-010[バルク]
","
IGLOO（イグルー）５ガロン ウォーターサーバー クーラー カップホルダー付【並行輸入品】
"
"
らくらくスマートフォン F-42A ケース 手帳型 らくらくスマートフォン me F-01L ケース docomo らくらくスマートフォンF01L カバー 耐衝撃 スマホケース 全機種対応 白い 花 はな キラキラ 可愛い 国内生産 Red
","
エプソン LPC3T36YV 環境推進トナー イエロー(19100ページ)
","
なめらか本舗 メイク落としミルク N 200ml
","
ホーリック アンテナケーブル 1.5m ホワイト アルミヘッド 両側ネジ式コネクタ AC15-366WH
","
BAOSHISHAN 水槽クーラー ウォータークーラー 水槽冷却 デジタルディスプレイ ウォーターポンプ付き 小型循環式クーラー 家庭用 20-40℃調節でき 水族館や魚屋や養魚場に適用 110Ｖ 白い (15-20Ｌ水槽に適用、冷却機能だけ)
"
"
OUKITEL C17 Pro SIMフリースマートフォン6.35インチブラインドホールスクリーン4GB RAM + 64GB ROM MT6367 Octa-ocre携帯電話トリプルバックカメラ13MP + 5MP + 2MP、3900mAhビッグバッテリーAndroid 9.0 OS 4GデュアルSIMフェイスおよび指紋ロック解除1年間の保証&技術認定に合格する（サポート5G/2.4G WIFI）
","
エプソン プリンター エコタンク搭載 A4カラーインクジェット複合機 EW-M873T1 (写真用紙スクエア20枚入 ドキュメントパック非同梱モデル)
","
ソフティモ メイク落としシート(H) b (ヒアルロン酸) つめかえ 52枚入 4個セット
","
日本アンテナ テレビ配線ケーブル S5CFB 30m 片側防水接栓加工済 (グレー) S5CFB30N
","
日立 ウォータークーラー 冷水専用 タンク式 卓上形RW-1810B
"
"
らくらくスマートフォン F-42A ケース 手帳型 押し 猫 マグネットあり ネコ スマホケース カバー (ゴールド) Docomo
","
エプソン 年賀状デザイン集永年版 PFND20A (PF-81シリーズ専用)
","
キュレル オイルメイク落とし 150ml
","
室内アンテナ HDTVアンテナ 100KM受信範囲 信号ブースター付き UHF VHF対応 全種類テレビ対応 5ｍケーブル (White)
","
イグルー（イグルー） スポーツ5ガロン ローラー ブルー 42115
"
"
らくらくスマートフォン me F-01L /F-42A ケース F-42A カバー スマホケース 手帳型 ケース デザイン手帳 アイフォン ケース 猫 ストラップホール付き スタンド機能付き マグネット付き カード収納 TPU 耐衝撃 保護ケース 軽量 横置き 耐衝撃 傷つけ防止 装置やすい 脱着やすい 少女 男子 レディース用
","
エプソン 純正 インクカートリッジ さくらんぼ IC6CL70L 6色パック 増量
","
ビオレ ふくだけコットン うるおいリッチ うるっとモイスト つめかえ用 44枚
","
日本アンテナ テレビ接続ケーブル S4CFB(3重シールド) 4K8K対応 2m L型プラグ-F型スクリュープラグ ブラック 4K20RGPL(B)
","
igloo(イグルー) ウォータージャグ400S
"
"
らくらくスマートフォン F-42A ガラスフィルム 強化ガラス らくらくスマートフォン F-42A 液晶保護フィルム  らくらくスマートフォン F-42A 対応 フィルム 硬度9H 厚さ0.26 日本旭硝子素材AGC 気泡ゼロ 飛散防止 高感度 高透過率 衝撃吸収 指紋防 TRkin
","
エプソン プリンター エコタンク搭載 A4カラーインクジェット複合機 EP-M552T1 2019年モデル 写真用紙スクエア 20枚入 ドキュメントパック非同梱モデル
","
無印良品 マイルドオイルクレンジング(大容量) 400ml 02867492
","
ホーリック アンテナ分波器 4K8K放送(3224MHz)/BS/CS/地デジ/CATV 対応 極細ケーブル一体型 2m/30cm ホワイト ネジ式コネクタ AE-327SW
","
zmart DC12V ウォーターポンプ 240L/時 水冷CPUクーラー
"
"
Blackview BV5500 Plus SIMフリー スマホ 本体 防水 防塵 IP68 4G スマートフォン Android 10.0 4G 格安 携帯電話 ブラック
","
エプソン 純正 インクカートリッジ 風船 IC6CL50 6色パック
","
ビオレメイク落としふくだけコットン つめかえ用 46枚
","
DXアンテナ テレビアンテナ 室内アンテナ ペーパーアンテナ UHF対応 避雷 簡単設置 VUS20A
","
ハイドロフラスク 真空マグ 保冷 保温 12oz(354ml) クーラーカップ 缶クーラー 2WAY 33ウォーターメロン 5089051
"
"
らくらくスマートフォン me F-01L ケース me F-01L カバー クリア TPU透明保護 ソフト シリコンケース 薄型 落下防止 衝撃吸収 耐衝撃 柔らかい手触り クリア らくらくスマートフォン me F-01L 全面保護カバー PCduoduo (らくらくスマートフォン me F-01L)
","
エプソン 純正 インクカートリッジ とうもろこし IC6CL80L 6色パック 増量
","
ORBIS(オルビス) ORBIS OFF CREAM(オルビス オフクリーム) クレンジング 本体 100g
","
DXアンテナ フラットケーブル アンテナケーブル 【2K 4K 8K 対応】 0.5m F形プラグ/F形プラグ ホワイト 1JW1FFS(B)
","
Bebomne カップクーラー 急速冷凍ドリンククーラー カップホルダー 缶/ペットボトル ホルダー ドリンクホルダー ボトルホルダー ソフトクーラー 保冷 ドリンク ホルダー 冷凍用 飲料冷却器 車内 カー用品 便利グッズ カップ付属 スピード冷却 ウォータークーラー 車載/卓上用冷凍カップ 冷凍カップ ポータブルミニ冷蔵庫 急速冷却 急速冷蔵 保冷 鮮度維持飲み物を冷却 夏をお楽しみ 缶クーラー ウォーター/ビール/コカコーラ/コーヒー/アイスクリーム/ボトルコーヒー ソフトドリンク、テイクアウトコーヒーなど コンパクト 使いやすい (ピンク１)
"
"
Unihertz Titan, QWERTY タフネススマートフォン, アンドロイド 9.0 Pie，SIMフリー，6GB RAM と128GB ROM, 黒
","
エプソン 純正 インクカートリッジ カメ KAM-6CL-L 6色パック 増量
","
ビオデルマ(BIODERMA) サンシビオ H2O-D 500ml (クレンジング)[並行輸入品]
","
DXアンテナ 同軸ケーブル 【2K 4K 8K 対応】 30m 両端無加工 S-5CFB ホワイト S5CFB30S(P)
","
ニチネン 保温卓上ポット ホワイト 2ℓ HWS-101A
"
"
Blackview A80 Pro SIMフリー スマートフォン本体 スマホ本体 6.49インチ 大画面+1300万画素 4GBのRAM + 64GBのROM スマホ 4680mAhバッテリー+13MP+5MPカメラ 顔認証 指紋認証 技適認証済 グローバルLTEバンド (ブラック)
","
エプソン ビジネスプロジェクター 液晶 3700lm WXGA 2.5kg EB-W06
","
ビオレ 泡クリームメイク落とし つめかえ用 170ml ［毛穴の下地・ファンデをしっかり落とす］[オイルフリー］［W洗顔不要］ クレンジング
","
アンテナケーブル 0.3m 5Cケーブル 2本 F型オス wuernine テレビ 同軸ケーブル ネジ込み式 BS CS 地デジ 4K8K放送対応 L型変換プラグ付き
","
Nishiyama(ニシヤマ) マイフレッシュウォータークーラー 水道直結タイプ MF30P3
"
"
Newding 65W PD USB C (Type C) ACアダプター 交換用充電器 Apple MacBook/Pro, Lenovo, ASUS, Acer, Dell, Xiaomi Air, Huawei Matebook, HP Spectre, Thinkpad およびその他のUSB C ラップトップまたはスマートフォンに対応
","
エプソン プリンター インクジェット複合機 カラリオ EW-M530F
","
ハレナ クレンジングジェル 100%天然由来 毛穴 黒ずみ メイク落とし 敏感肌 無添加 オーガニック ホット w洗顔不要 170g
","
マスプロ電工 家庭用75Ω5Cケーブル 黒色 10m S5CFB10M(BK)-P
","
キャプテンスタッグ(CAPTAIN STAG) ツインコック ウォータージャグ
"
"
RuiMi らくらくスマートフォン F-42A 專用 ガラスフィルム 硬度9H 0.33mm 超薄 気泡防止 日本旭硝子素材採用 耐衝撃 撥油性 超耐久 耐指紋 飛散防止処理 保護フィルム F-42A 專用 強化ガラスフィルム 液晶保護フィルム
","
エプソン 純正 インクカートリッジ イチョウ ITH-6CL 6色パック
","
【Amazon.co.jp限定】 ビオレ パーフェクトオイル メイク落とし クレンジング セット つめかえ用210ml + ミニボトル50ml
","
二幸電気工業 5C アンテナケーブル 0.5m 黒 [ 4K 8K BS CS CATV 地デジ 対応/両端F型ストレート ネジ式 ] ケーブル 同軸ケーブル (V5CSS-50-BK-A)
","
イグルー385-4101 10ギャル。工業用水クーラー イエロー 38L
"
"
OPPO A5 2020 ブルー 【日本正規代理店品】 CPH1943 BL
","
EPSON プリンター A4ビジネスインクジェットFAX複合機 PX-M780F
","
ソフティモ ホワイト メイク落としシート b 52枚入
","
ホーリック アンテナケーブル 5m ホワイト アルミヘッド L字差込式/ネジ式コネクタ AC50-383WH
","
BAOSHISHAN 水槽クーラー 水槽冷却クーラー ウォータークーラーデジタルディスプレイ ウォーターポンプ付き 小型循環式クーラー 騒音が小さい 家庭用 5-36℃調整可能 水族館や魚屋や養魚場に適用 110Ｖ 黒い
"
"
モトローラ Moto G8 ノイエブルー 【日本正規代理店品】 PAJG0000JP/A
","
エプソン EW-M5071FT プリンター/A3カラーインクジェット複合機
","
ビオレメイクも落とせる洗顔料 うるうる密着泡 160ml
","
日本アンテナ ケーブル付分波器 4K8K対応 地デジ/CS・BS分波用  2Cケーブル30cm付 SCUESL(20)
","
ウォーターボトルストレージラック 5ガロンホルダー 5段積み重ね可能 ウォーターキャビネット クーラーシェルフ 缶詰キット ホームオフィス整理
"
"
iPhoneXR ケース 手帳型 ケース スタンド機能 カワイイ ピンク オシャレ 女子力 カード収納 シンプル 高級PUレザー iPhoneXR 専用カバー (6.1 インチ)
","
EPSON MOVERIO スマートグラス 有機ELパネル モニターモデル BT-30E
","
KOSE ソフティモ ホワイト メイク落としシート b 52枚入 (182mL)
","
地デジ・BS・CS放送対応 アンテナケーブル 5m 4C F+L
","
ウォーターサーバー対応 5Lポリカーボネイトボトル2本セット キャップ10個付き※お水は入っていません
"
"
スマホ本体 Blackview A80Pro 4G simフリー スマートフォン本体 6.49インチ 1300万画素+800万画素カメラ 4680mAh 4GB RAM + 64GB ROM Android 9 端末 携帯電話 技適認証済み 1年間保証付き(ブルー)
","
エプソン A3ビジネスインクジェットカラー複合機 FAX PX-M6011F 大
","
ズボラボ 夜用ふき取り乳液シート クレンジングシート(メイク落とし+洗顔+化粧水+乳液+美容液) 乳液シート 夜用 35枚入
","
エレコム アンテナケーブル 【 4K 8K対応 】 F型端子 差込式S-差込式ストレート スリムケーブル 0.7m 2本入り ホワイト DH-ATSS48K207WH
","
Hao large oscillating fashion conditioning 朔ハオスタイリッシュなエアコン付きの空気冷却器のファンサイレントファン省エネ家庭用暖房とエアコンウォータークーラーファン空気冷却器の小さな贈り物 base remote fan with fan, black
"
"
UMIDIGI S5 Proスマートフォン Android 10 simフリー スマホ 本体 ポップアップ セルフィカメラ 内蔵指紋センサー 6.39インチFHD＋フルスクリーン Helio G90Tゲームプロセッサ グローバルLTEバンド対応6GBRAM+256 GB ROM AU使えます（一年保証）オーシャンブルー
","
エプソン 純正 インクカートリッジ 地球儀 IC4CL76 4色パック 大容量
","
菊正宗 日本酒のメイク落とし 200g クレンジングジェル マツエクOK
","
【2020進化版】室内アンテナ テレビアンテナ HD 4K 地デジ ブースター内蔵 高性能受信 アンテナケーブル 5m 車載 車載 磁力 固定 地デジ専用 高感度 UHF VHF対応 USB式 簡単接続 (ミドリ)
","
ウォーターサーバー WINIX YWC-604H 卓上タイプ (12Lボトル + キャップ10個付き)
"
"
simフリー スマートフォン本体 Blackview A80 4G スマホ本体 Android 10.0 Go Bluetooth 4.2 スマートフォン本体 6.21インチ 大画面 端末 4200mAh 13MP+5MP 2GB RAM+16GB ROM 顔認識 サブ機 携帯電話 技適認証済み 1年間保証付き AU対応不可(ブラック)
","
エプソン 純正 インクカートリッジ クマノミ KUI-6CL-L 6色パック 増量
","
Dove(ダヴ) ダヴ ボタニカルセレクション ポアビューティー 限定処方 オイルクレンジング 165ml
","
ホーリック アンテナダブル分波器 4K8K放送(3224MHz)/BS/CS/地デジ/CATV 対応 ケーブル4本付属 50cm HAT-WSP005
","
Panasonic ウォータークーラー 卓上ボトル型 冷水専用型SD-B185
"
"
TRkin らくらくスマートフォン F-42A ケース らくらくスマートフォンF01L カバー クリア TPU透明保護 日本水準の高品質 ソフト シリコンケース 薄型 落下防止 衝撃吸収 耐衝撃 柔らかい手触り クリア F-42A クリア ケース全面保護カバー (らくらくスマートフォン F-42A)
","
エプソン (EPSON) A3ビジネスインクジェットFAX複合機 PX-M5081F
","
【Amazon.co.jp限定】 ビオレ おうちdeエステ 洗顔ジェル なめらか 240g 気分すっきりリラックスアロマの香り 240g(通常サイズ1.6倍)
","
F-FACTORY アンテナ分配器 4K8K(3224MHz)/BS/CS/地デジ/CATV 放送対応 4Cケーブル一体型 50cm (0.5m) 全端子電流通過型 分配器 2分配 ニッケルメッキ ブラック 黒 FF-4829BK
","
Tomaibaby 壁掛けカップディスペンサープルタイプウォーターカップホルダー使い捨てカップオーガナイザーウォータークーラーカップ使い捨てホームオフィス用
"
"
【2020年最新版】 タッチペン 極細 スタイラスペン iPad/iPhone/Android 導電繊維ペン先 1.4mm銅製ペン先 高感度 ツムツム USB充電式 スマートフォン タブレット対応 (ホワイト)
","
エプソン スキャナー DS-570W (シートフィード/A4両面/Wi-Fi対応)
","
ルルルンクレンジング リセットウォーター【クレンジングウォーター】
","
マスプロ 2C アンテナケーブル 2.0m [ 4K 8K BS CS CATV 地デジ 対応/L字プラグ F型ストレート ] ケーブル 同軸ケーブル (SPL2M-2C)
","
igloo(イグルー) 5ガロン シートトップ ウォータージャグ(18.9L) オレンジ/ホワイト #42316
"
"
iPhone12 mini ケース TopACE iPhone12 mini保護フレーム アイアンマン見た目 二重構造 スタンド機能付き 超耐磨 最軽量 米軍MIL規格クリア[ 落下 衝撃 吸収 ] スマートフォンケース iPhone 5.4インチ 2020 対応 (ブラック)
","
エプソン プリンター エコタンク搭載 A4カラーインクジェット複合機 EW-M630TB1 ドキュメントパック非同梱モデル 無償保証期間3年 ブラック(黒)
","
KOSE コーセー ソフティモ メイク落としシート (H) b (ヒアルロン酸) 52枚入 (172ml)
","
マスプロ電工 家庭用75Ω4Cケーブル 灰色 30m S4CFB30M(H)-P
","
カップクーラー ドリンク 冷却 缶飲料冷却器 カップ付属 USB電源 急速冷却 缶 急速冷蔵 保冷 鮮度維持 コンパクト 使いやすい ウォータークーラー 冷凍カップ 飲み物冷却 卓上 車内 自宅 旅行 使いやすい
"
"
2枚セット らくらくスマートフォン F-42A ガラスフィルム 強化ガラス 液晶保護フィルム らくらくスマートフォン F-42A 対応 保護フィルム 硬度9H 厚さ0.26 日本旭硝子素材AGC 気泡ゼロ 飛散防止 高感度 高透過率 衝撃吸収 指紋防止 ラウンドエッジ加工 TRkin
","
エプソン プリンター A3 インクジェット 複合機 カラリオ V-edition EP-10VA (高画質 写真印刷向け)
","
Dove ダヴ オイル 泡クレンジング 135ml
","
DXアンテナ 分波器 MBUMWS(B)
","
対応モデル オートバイユニバーサルにおいてラインスーパーウォータークーラーヤマハ125から450 YZ YZF WR 150 200 250 300 350 400のCNCアルミアクセサリー 品質の精度 (Color : Red)
"
"
らくらくスマートフォン F-42A ケース 手帳型 カバー かわいい 犬柄 キラキラ デコ 手帳型 スマホケース カード ケース (ブラウン) 全機種対応 Docomo
","
エプソン 純正 インクカートリッジ 竹 ICBK79 フォトブラック
","
ファンケル (FANCL) 洗顔パウダー 1本 50g (約30日分)
","
二幸電気工業 5C アンテナケーブル 0.5m 薄灰 2本セット [ 4K 8K BS CS CATV 地デジ 対応/両端F型ストレート ネジ式 ] ケーブル 同軸ケーブル (V5CSS-50-PG-A-2P)
","
ILMBERGER / イルムバーガーカーボンパーツ ウォータークーラーカバー 右側 (バッジホルダー 右側) | KAR.032.GS12L.K
"
"
OUKITEL WP6 アウトドア スマートフォン、6.3インチFHD +携帯電話、10000 mAh IP68 スマホ simフリー 本体、48 MPクアッドカメラ、Helio P70オクタコアプロセッサー 6 GB + 128 GB Android 9.0 GPS OTG 1年間保証 (黒)
","
IC50 6色セット×2パック エプソン 互換インク IC6CL50 EPSON ICチップ付 1年保証付 プリンター保証付
","
【Amazon.co.jp限定】 Dove(ダヴ) オイル 泡クレンジング 詰替え用 130mL×3個 おまけ付き
","
エレコム アンテナケーブル 2.5C スリムタイプ F型端子 差込式L字-差込式ストレート型 1m ブラック AV-ATLS10BK
","
Poafamx 水槽クーラー 3-8度環境温度差調整可能 ウォータークーラー 水冷設備 車載ライン付き 持ちやすい チラー 冷却スティック 小型冷却棒 デジタル表示 恒温 低ノイズ 省エネルギー 環境保護 車載用/家庭用 水族館/魚屋/養魚場 ワイン/飲料冷却
"
"
PGYTECH Osmo Pocket用 スマートフォンホルダー＋
","
GPC Image エプソン対応 Epson ITH-6CL 互換インクカートリッジ 7本セット（6色セット+ 黒1本） エプソン イチョウ インク 互換 残量表示機能 2年保証 個包装 大容量 説明書付
","
ズボラボ 夜用ふき取り乳液シート クレンジングシート(メイク落とし+洗顔+化粧水+乳液+美容液) 乳液シート 夜用 35枚入
","
エレコム アンテナケーブル 【 4K 8K対応 】 F型端子 差込式L字-差込式ストレート スリムケーブル 2.0m ホワイト DH-ATLS48K20WH
","
Poafamx 水槽クーラー 3-40℃調整可能 15L 冷却と加熱両用 ウォータークーラー 水冷設備 パイプ付き 小型循環式クーラー デジタル表示 恒温 低ノイズ 省エネルギー 環境保護 家庭用/水族館/魚屋/養魚場 110V (JMC-1 15L)
"
"
【セット割】ASUS Zenfone Max M2 ミッドナイトブラック (4GB/64GB)【日本正規代理店品】+ Samsung SDカード
","
Canon プリンター A4インクジェット複合機 PIXUS TS8430 ブラック 2020年モデル テレワーク向け 普通
","
ファンケル (FANCL) 新マイルドクレンジング オイル 1本 120mL (約60回分) メイク落とし
","
Postta アンテナケーブル 3M 同軸ケーブル S-4C-FB 4K8K 地デジ・BS・CS・CATV放送対応 金メッキプラグ F型プラグ ホワイト
","
FRECIOUS dewo bottle ウォーターサーバー(スカイグレー)
"
"
【セット割】ASUS Zenfone Max Pro M2 ミッドナイトブルー (6GB/64GB)【日本正規代理店品】+ Samsung SDカード
","
エコリカ エプソン(Epson)対応 リサイクル インクカートリッジ IC6CL50+ICBK50 6色セット+ブラック(目印:ふうせん) ECI-E506P+BK
","
Dove(ダヴ) ダヴ ボタニカルセレクション ポアビューティー 限定処方 オイルクレンジング 165ml
","
Postta アンテナケーブル 10M 同軸ケーブル S-4C-FB 4K8K 地デジ・BS・CS・CATV放送対応 金メッキプラグ F型プラグ ブラック
","
冷却水循環 水冷式 瞬間30度下げる 25g スマホ 冷却チラー 荒野行動 PUBG COD Mobile スマホゲーム 配信専用 冷却クーラー 携帯電話ラジエーター USB給電 静音 スマホ熱対策 伸縮クリップ式 iPhone/Android 対応
"
"
【UQ mobile】サムスン Galaxy A20 ブラック※回線契約後発送 スマホプランS/Rのみ (MNP専用)
","
エプソン プリンター インクジェット複合機 カラリオ EP-883AR レッド(赤)
","
Dove(ダヴ) ダヴ ボタニカルセレクション ビューティーレジリエンス シルキークリームクレンジング 165mL
","
アンテナケーブル 0.3m 5Cケーブル 2本 F型オス wuernine テレビ 同軸ケーブル ネジ込み式 BS CS 地デジ 4K8K放送対応 L型変換プラグ付き
","
アイリスオーヤマ 高圧洗浄機 サイレント 温水対応 タンク式 場所を選ばす使用可能 SBT-512N
"
"
OUKITEL C19 スマートフォン本体 4G スマホ本体 SIM フリー Androidスマートフォン本体 6.49 HDインチ 13MP+2MP+2MP 4000mAh RAM 2GB + ROM16GB（256GBまでサポートする)Android 10.0 端末 携帯電話 1年間保証付き
","
エプソン用最優良互換インクカートリッジ IC56-(BK/ブラック)×1 IC46-(C/M/Y)×1 ４色セット 【ゾウ】【サッカーボール】 残量表示機能付 ICチップ対応 【Green Shower製】【安心一年パック】
","
kikimate キキメイト クレンジングジェル メイク落とし クレンジングフォーム【W洗顔不要 まつエクOK】 毛穴汚れ 黒ずみ用 敏感肌 乾燥肌 オイルフリー 無添加 オーガニック 保湿 120g
","
Amazonベーシック テレビケーブル CL2規格準拠 同軸 1.2m
","
ニチネン 家庭用 卓上ウォーターサーバー おいしさポット 温冷両用 2L専用逆止弁キャップ付 HWS-101
"
"
[bodenbaum] らくらくスマートフォン F-42A 手帳型 スマホケース カード スマホ ケース カバー ケータイ 携帯 FUJITSU 富士通 らくらくスマートフォン docomo 薔薇 花柄 バラ ローズ f-186-deco (A.パステルピンク)
","
エプソン 純正 インクカートリッジ サツマイモ SAT-BK ブラック
","
クレンジングリサーチ ジェルクレンジング 145g
","
二幸電気工業 5C 同軸ケーブル 10m 黒 [ 地デジ CATV BS CS 2K 4K 8K 対応 ] アンテナケーブル 銅芯線 5CFB (5CFB-100RBK)
","
Nishiyama(ニシヤマ) マイフレッシュウォータークーラー 水道直結タイプ MF30P3
"
"
F-42A F-01L らくらくスマートフォン me F-01L コンチョ付き エスニック ケース 手帳型 カバー 【モロッカンローズ】 f42a f01l f-42aケース f-42aカバー f-01lケース f-01lカバー 手帳 手帳型ケース スマホケース 手帳型カバー スマホカバー 【NB】 mrose
","
【LxTek】Epson用 エプソン KUI-6CL-L インクカートリッジ 7本セット（6色セット+黒1本） クマノミ インク 『互換インク/2年保証/大容量/説明書付/残量表示/個包装』対応機種：Epson EP-880AW EP-880AB EP-880AR EP-880AN EP-879AW EP-879AB EP-879AR
","
ビオレ素肌つるるんクレンジングウォーター詰替 290ml
","
二幸電気工業 5C 同軸ケーブル 100m 薄灰 2分配器付き [ 地デジ CATV BS CS 2K 4K 8K 対応 ] アンテナケーブル 銅芯線 5CFB (S-5C-FB-AL)
","
猫の子犬の犬のための二重の犬のボウルスタンド、自動注水猫のボウルダブル目的の飼料や食品皿ウォータークーラー,1
"
"
UMIDIGI X スマートフォンHelio P60オクタコア ディスプレイSIMフリー 6.35インチ HD+大画面 有機EL AMOLEDディスプレイ4150mAh大容量バッテリー 18W高速充電 4GB RAM + 128GB ROM Android 9.0 指紋認証 顔認証 技適認証済み AUキャリア不可 ブラック
","
エプソン 純正 インクカートリッジ 砂時計 IC4CL69 4色パック
","
Dove ダヴ 3in1 メイクも落とせる 泡 洗顔料 135ml
","
二幸電気工業 5C アンテナケーブル 0.5m 薄灰 2本セット [ 4K 8K BS CS CATV 地デジ 対応/両端F型ストレート ネジ式 ] ケーブル 同軸ケーブル (V5CSS-50-PG-A-2P)
","
伊藤園 おーいお茶 抹茶入りさらさら緑茶 スティックタイプ 0.8g×100本
"
"
モトローラ Moto G7 Plus ディープインディゴ 【日本正規代理店品】 PADU0003JP/A
","
3年保証 エプソン 互換 SAT-6CL (サツマイモ) EP-712A EP-812A 対応 互換インクカートリッジ 6色セット ベルカラー製
","
【Amazon.co.jp限定】 ビオレ おうちdeエステ 洗顔ジェル なめらか 240g 気分すっきりリラックスアロマの香り 240g(通常サイズ1.6倍)
","
二幸電気工業 5C 同軸ケーブル 20m 薄灰 [ 地デジ CATV BS CS 2K 4K 8K 対応 ] アンテナケーブル 銅芯線 5CFB (5CFB-200RPG)
","
カップクーラー ドリンク 冷却 缶飲料冷却器 カップ付属 USB電源 急速冷却 缶 急速冷蔵 保冷 鮮度維持 コンパクト 使いやすい ウォータークーラー 冷凍カップ 飲み物冷却 卓上 車内 自宅 旅行 使いやすい
"
"
北欧デザインブランド「The Friendly Swede」タッチペン ペン先交換式 マイクロニットスタイラスペン 3本セット互換性 スマートフォン タブレット対応 マイクロファイバークリーニングクロス付き ストラップ付き
","
エプソン 純正 インクボトル ケンダマ KEN-MB-L マットブラック 増量
","
ビューティーアップコットン 天然綿 化粧コットン 顔クレンジングシート メイク落としシート 150枚（厚い）
","
フジパーツ 4K8K BS CS 地上デジタル対応 S-4C-FB 4Cアンテナケーブル 接栓-接栓 0.6m FBT-106
","
freneci ポータブルハンドヘルドウォータースプレー冷却ファンクーラースプレーファンウォーターボトルミスタースプレーサマーバーベキューキャンプ屋外屋内ソフトリーフ
"
"
Eustak LG style3 L-41A ケース カバー 手帳型 型押し カバー スマホケース 全機種対応 ファーウェイ 花藤木葉スタイル 手帳ケース LG style3 L-41A 手帳カバー スマホシムフリー スマートフォン 画面保護/スタンド/ICカード 紙幣収納ポケット (LG style3 L-41A, パープル)
","
エプソン 純正 インクボトル タケトンボ TAK-PB-L フォトブラック 増量
","
【Amazon.co.jp限定】 ビオレ パーフェクトオイル メイク落とし クレンジング セット つめかえ用210ml + ミニボトル50ml
","
アンテナ分波器 4Cケーブル一体型 0.2m (4K8K / 地デジ/BS CS/CATV デジタル放送対応) ホワイト FF-4875WH
","
ウォーターサーバー対応 5Lポリカーボネイトボトル2本セット キャップ10個付き※お水は入っていません
"
"
OUKITEL WP5 Pro IP68防水 防塵 耐衝撃 8000mAh アウトドア スマートフォン Android 10.0 4G 5.5インチ スマホ本体 フリーSIMスマートフォン本体 4GB+64GB SONY13MP+5MPデュアルAIカメラ アウトドアタフスマホ 携帯電話 防災用品顔・指紋認証ロック解除 1年間保証付き (オレンジ)
","
エプソン スキャナー ES-60WB (モバイル/A4/USB対応/Wi-Fi対応/ブラック)
","
ソフティモ メイク落としシート(H) b (ヒアルロン酸) つめかえ 52枚入 4個セット
","
DXアンテナ 分波器 ケーブル付き [ 2K 4K 8K 対応] 金メッキプラグ 2Cケーブル 屋内用 ケーブル長 3.0m(入力)/0.5m(出力) ホワイト MBUM3WS(B)
","
タイガー 水筒 1.2リットル サハラ ステンレスボトル スポーツ 直飲み 広口 保冷専用 ブラック MME-F120KK
"
"
OPPO A5 2020 ブルー 【日本正規代理店品】 CPH1943 BL
","
EPSON プリンター A4ビジネスインクジェットFAX複合機 PX-M780F
","
Dove(ダヴ) ダヴ ボタニカルセレクション ポアビューティー 限定処方 オイルクレンジング 165ml
","
ホーリック アンテナケーブル 5m ブラック アルミヘッド L字差込式/差込式コネクタ AC50-404BK
","
電動給湯ポット 瞬間湯沸かし器 電気温水壺 ウォーターディスペンサーオプティマイザ（ホワイト） - カウンターウォータークーラー、ミニ省エネデスクトップホーム学生寮ウォーターディスペンサー ホットウォーターディスペンサー
"
"
Unihertz Jelly Pro, 世界最小の４Gスマートフォン, 2GBのRAM と 16GBのROM を搭載したAndroid 7.0 Nougat ロック解除された, ブルー 青
","
[エプソン トゥルーム]EPSON TRUME M Cllection (TR-MB7005) 腕時計 TR-MB7005X メンズ
","
ナチュラグラッセ ポイント メイクアップ リムーバー 化粧落とし 100ml
","
二幸電気工業 5C アンテナケーブル 2m 薄灰 [ 4K 8K BS CS CATV 地デジ 対応/両端F型ストレート ネジ式 ] ケーブル 同軸ケーブル (V5CSS-200-PG-A)
","
[リバーズ] クーラージャグ モーク COOLER JUG MOKE ブラック MOKEBK
"
"
Eastwave らくらくスマートフォン me（F-01L）手帳型 ケース docomo らくらくスマートフォン F-42A ケース F01L F42A 通用 カバー fujitsu 携帯カバー PUレザー 内蔵するTPUソフトケース カード収納 ４色 ピンク
","
エプソン 純正 インクカートリッジ サツマイモ SAT-6CL 6色パック
","
菊正宗 日本酒のメイク落とし 200g クレンジングジェル マツエクOK
","
[フジパーツ] ［4重シールド］BS CS 地上デジタル対応 S5CFB 同軸ケーブル S5CFB 5Cアンテナケーブル 1m 白 F型コネクター(ねじ式)-Ｆ型コネクター(ねじ式) /WFF5C-10 1m
","
ウォーターディスペンサー水のクーラーミニポータブルホット冷たい水機ステンレスデジタル製氷機の製氷機製氷機,1
"
"
Blackview A80 Pro 2020ニューモデル SIMフリー スマホ 本体 1300万画素 Android 9.0 スマートフォン 6.49インチ 大画面 格安 携帯電話 ブルー
","
エプソン 純正 インクボトル 鉛筆削り IT08MA マゼンタ
","
美人ぬか 純米化粧落とし (クレンジングジェル) 150g
","
アンテナ分配器 4K8K・地デジ・BS・CS・CATV放送対応 2分配 テレビコンセント直付け 全端子電流通過型 日本仕様 ホワイト TS-A2SP00WH TAROS
","
Avalon 2ステージ交換用フィルター Avalonブランドのボトルレスウォータークーラー用 ** COOLERS PURCHASED AFTER APRIL 1、2018**、NSF認定、1500ガロンのみに適合
"
"
ASUS Zenfone Max M2 ミッドナイトブラック (4GB/32GB) 【日本正規代理店品】 ZB633KL-BK32S4/A
","
エプソン 純正 インクカートリッジ とうもろこし ICBK80L ブラック 増量
","
ハレナ クレンジングジェル 100%天然由来 毛穴 黒ずみ メイク落とし 敏感肌 無添加 オーガニック ホット w洗顔不要 170g
","
YOU+ アンテナケーブル S型＋L型コネクタ 5m 地デジ・CATV・BS・CS対応 S-4C-FB
","
サーモス 水筒 真空断熱スポーツジャグ ブラックグレー 2.0L FFV-2000 BKGY
"
"
スマホ 本体 Blackview BV5900 simフリー スマートフォン 本体 4G アウトドア 防水スマホ 防塵スマホ 耐衝撃スマホ Android 9.0 1300万画素+500万画素 5580mAh 3GB RAM+32GB ROM タフスマホ 携帯電話 技適認証済み AU対応不可 1年間保証付き(ブラック)
","
インクのチップス エプソン用 MUG-BK 互換インク ブラック 4本セット (マグカップ互換) EW-452A EW-052A 対応
","
なめらか本舗 メイク落としミルク N 200ml
","
TARO'S アンテナケーブル 3M 4K8K放送(3224MHz)対応 S-4C-FB 4C同軸 地デジ・BS・CS・CATV放送対応 金メッキプラグ L型プラグ（差込式）⇔F型接栓プラグ（ネジ式） ホワイト 4CLF-03WH エコ簡易パッケージ タローズ
","
Poafamx 水槽ヒーター 水槽クーラー 15-30℃調整可能 ウォータークーラー 水冷設備 パイプ付き ウォーターポンプ付き 小型循環式クーラー デジタル表示 恒温 低ノイズ 省エネルギー 環境保護 家庭用/水族館/魚屋/養魚場 110V (20L冷却と加熱両用)
"
"
Blackview BV6300Pro スマホ本体 新品 simフリー スマートフォン本体 防水スマホ/耐衝撃/防塵 タフスマホ Android10 端末 6GB RAM+128GB ROM ゲーム対応 4380mAh大容量バッテリー 長持ち 1600万画素 800万画素 5.7インチスクリーン 4Gネットワーク sim*2枚支持 LEDライト付き 1年間保証付き (黄色い)
","
GPC Image KAM-6CL-L + KAM-BK-L エプソン カメ インクカートリッジ 7本パック Epson EP-882AW EP-882AB EP-882AR EP-881AW EP-881AB EP-881AR EP-881AN 互換インク 残量表示機能 2年保証 個包装 大容量 説明書付
","
ルシフェル ホットクレンジング【 毛穴/黒ずみ汚れケア 】日本製 天然由来成分8種配合 毛穴汚れ メイク落とし マツエクOK 黒ずみ汚れケア 温感ゲル 200g
","
F-Factory アンテナ分波器 入力/出力一体型ケーブル付き 4K8K放送(3224MHz)/BS/CS/地デジ/CATV 対応 S-4C-FB同軸ケーブル 1.5m+0.2m 金メッキ ブラック 小型ボディ FF-4830BK
","
耐久性のあるウォータークーラーラジエーター、スレッド内蔵ウォーターセパレーターU字型放射ストライプウォータークーラー、PCコンピューターの水冷用120mm / 360mm 18チューブ(360mm)
"
"
OKAYONE X7 PLUSスマートフォン アウトドア IP68防水防塵 落下防止 2.45インチ 2GB RAM+16GB ROMクアッドコア Android 6.0 1.3GHz フリー 携帯電話 スマートフォン 4Gデュアル sim 指紋認証 3100mAh大容量 快速充電 多機能 工事現場 建築現場 登山 旅行 冒険など場合に適します（ブラック イエロー）
","
エプソン用最優良互換インクカートリッジ IC78-(BK/ブラック)×4 ４本セット 【歯ブラシ】(大容量) 残量表示機能付 ICチップ対応 【Green Shower製】【安心一年パック】
","
オルビス(ORBIS) クレンジングリキッド 150mL
","
TARO'S アンテナ分波器 入力/出力一体型ケーブル付き 4K8K放送(3224MHz)/BS/CS/地デジ/CATV 対応 4C-FBケーブル 1.5M + 20cm*2 金メッキ ホワイト 小型ボディ 3重シールド TS-ABGL07WH
","
Poafamx 水槽ヒーター 水槽クーラー ウォータークーラー 水冷設備 20L冷却と加温両用 デジタル表示 ウォーターポンプ付き パイプ付き 恒温 低ノイズ 省エネルギー 環境保護 家庭用/水族館/魚屋/養魚場 110V 日本語取扱説明書付き (20L冷却と加温)
"
"
らくらくスマートフォン F-42A ケース らくらくスマートフォン me F-01L ケース docomo らくらくスマートフォンF01L カバー 耐衝撃 スマホケース 保護フィルム Breeze 正規品 [F01L2067HA]
","
エプソン 純正 インクボトル タケトンボ TAK-4CL 4色パック
","
無印良品 マイルドジェルクレンジング(大容量) 200g
","
ケーブル一体型分波器 入力2m (L形)/ 出力0.5m(F型)【4K8K対応】3.2GHz対応型
","
zmart DC12V ウォーターポンプ 240L/時 水冷CPUクーラー
"
"
【2枚セット】らくらくスマートフォン F-42A ガラスフィルム [ZXZone] F-42A フィルム ウンドエッジ加工 強化ガラス 耐指紋 液晶保護フィルム 2.5D 高透過率 硬度9H スクラッチ防止 自動吸着 気泡ゼロ (クリア）
","
エプソン インクジェット複合機 EW-M752T
","
ディブ オリーブ&アルガンクレンジングオイル 500ml
","
【2本セット】すき間 フラット アンテナ ケーブル 約26cm F形接栓 すき間ケーブル 地デジ 信号導入 内引き込み折り曲げ可能 F端子型 サッシ/窓用 (取り付け用両面テープ付) 防水テープ付き ケーブルクリップ
","
BAOSHISHAN 水槽クーラー ウォータークーラー 水槽冷却 デジタルディスプレイ ウォーターポンプ付き 小型循環式クーラー 家庭用 20-40℃調節でき 水族館や魚屋や養魚場に適用 110Ｖ 白い (25-30Ｌ水槽に適用、冷却機能だけ)
"
"
OUKITEL C18 Pro SIMフリースマホ本体 6.55インチ ４眼カメラ（メインカメラ+広角+マクロ+奥行き）スマートフォン4GB RAM 64GB ROM 4000mAhバッテリーHelio P25顔認証指紋認証 一年保証
","
エプソン 純正 インクカートリッジ クマノミ KUI-BK-L ブラック 増量
","
ソフティモ スピーディ クレンジングオイル つめかえ200mL
","
KAUMO アンテナケーブル 延長コネクタ 中継アダプタ メス/メス ネジ式F型コネクタ用 (1個)
","
パナソニック ウォータークーラー SD-B185H/62-6518-09
"
"
HUAWEI NOVA 5T ブラック 【日本正規代理店品】 NOVA 5T/BLACK
","
【LxTek】Epson用 エプソン IC70L IC6CL70L インクカートリッジ 6色セット さくらんぼ インク 『互換インク/2年保証/大容量/説明書付/残量表示/個包装』対応機種：Epson EP-306 EP-706A EP-805A EP-805AW EP-806AR EP-806AW EP-976A3
","
アトレージュエーディープラス アトレージュ AD+ 薬用 マイルドクレンジング 250g 敏感肌 薬用 メイク落とし(ジェルタイプ)【医薬部外品】
","
室内アンテナ HDTVアンテナ 2020年に最新の室内TVアンテナ 100KM受信範囲 シグナルブースター付き、4K HD無料ローカルチャンネル、全種類なテレビに対応 (White)
","
【Amazon.co.jp限定】 コロナ・エキストラ ボトル [ メキシコ 355ml×8本 バケツ付きセット ] [ギフトBox入り]
"
"
OUKITEL C15 PRO SIMフリースマートフォン 3GB RAM + 32GB ROM 6.1インチ19.5:9 HD+大画面 MT6761 2.0GHz クアッドコアAndroid 9.0 グローバルLTEバンド対応 デュアルSIM(Nano) 顔認証 指紋認識 3200mAh大容量 バッテリー スマホ au不可 技適認証済み [一年保証] （サポート5G/2.4G WIFI） (星空ブルー)
","
エプソン プリンター エコタンク搭載 A4カラーインクジェット複合機 EW-M873T1 (写真用紙スクエア20枚入 ドキュメントパック非同梱モデル)
","
ソフティモ スーパーポイントメイクアップリムーバー Na 230ml
","
アンテナケーブル 5m 5C テレビケーブル 同軸ケーブル L型変換プラグ付き wuernine F型オス BS CS 地デジ 4K8K放送対応 ネジ込み式
","
ピーコック ステンレス キーパー 広口タイプ グレー 6.1L INS-60 H
"
"
Blackview BV5900 4G デュアルSIMフリースマートフォン本体 5.7インチ 3GB RAM 32GB ROM 5580 mAh 大容量 バッテリー IP68 防塵 防水 耐衝撃 アウトドア 携帯電話本体 Android 9.0 デュアルカメラ 13MP+5MPカメラ 指紋認識 NFC GPS コンパス LED懐中電灯【一年保証】
","
エプソン 純正 インクカートリッジ IB07KB ブラック 大容量インク
","
ダヴ ボタニカルセレクション ポアビューティー オイルクレンジング 165ml
","
二幸電気工業 5C アンテナケーブル 0.5m 薄灰 [ 4K 8K BS CS CATV 地デジ 対応/両端F型ストレート ネジ式 ] ケーブル 同軸ケーブル (V5CSS-50-PG-A)
","
ヴィンテージウォータークーラーポピー 家庭用キッチンレストラン事務室38X35X3CMソフト滑り止め角椅子クッション
"
"
AQUOS zero2 SH-01M SHV47 京のれん 手帳型 ケース カバー SH01Mケース SH01Mカバー SHV47ケース SHV47カバー 手帳型 かわいい花柄 キラキラ おしゃれなストラップ付き 【LUCKY8】 財布型 カード収納 マグネット式 保護ケース 軽量 スマホケース スマートフォンケース 少女 レディース用 全面保護 耐衝撃 (AQUOS zero2, A2-グレー)
","
【LxTek】IC6CL70L Epson 用 エプソン インクカートリッジ 70 70L IC70L IC6CL70 + ICBK70L 6色 パック+ 黒 1本 さくらんぼ インク 『互換インク/2年保証/増量/説明書付/残量表示/個包装』 対応機種：Epson EP-306 EP-706A EP-805A EP-805AW EP-806AR EP-806AW EP-976A3
","
ルルルンクレンジング リセットウォーター【クレンジングウォーター】
","
二幸電気工業 5C アンテナケーブル 1m 黒 [ 4K 8K BS CS CATV 地デジ 対応/両端F型ストレート ネジ式 ] ケーブル 同軸ケーブル (V5CSS-100-BK-A)
","
ウォータークーラータンク SC-300T 低騒音 液体水冷却ポンプ タンク PC CPU冷却システム用
"
"
【2枚】CARKO らくらくスマートフォン F-42A フィルム 強化ガラス 液晶保護フィルム 高透過率 硬度9H 防指紋 防爆裂 スクラッチ防止 気泡レス 飛散防止処理 f-42a 保護フィルム
","
旧モデル エプソン プリンター A4 インクジェット 複合機 カラリオ EP-711A ホワイト
","
ファンケル (FANCL) 洗顔パウダー 1本 50g (約30日分)
","
エレコム アンテナ分配器 【 4K 8K対応 】 ケーブル一体型 2端子通電型 ケーブル長0.5m ブラック DH-ATD48K05BK
","
イエティ ランブラー タンブラー YETI RAMBLER COLSTER RIVER GREEN 水筒 ウォーターボトル マイボトル 缶 12 oz
"
"
RuiMi らくらくスマートフォン F-42A 專用 ガラスフィルム 硬度9H 0.33mm 超薄 気泡防止 日本旭硝子素材採用 耐衝撃 撥油性 超耐久 耐指紋 飛散防止処理 保護フィルム F-42A 專用 強化ガラスフィルム 液晶保護フィルム
","
3年保証 エプソン 互換 MUG-BK (マグカップ) EW-052A EW-452A 対応 互換インクカートリッジ ブラック2個パック ベルカラー製
","
Dove ダヴ オイル 泡クレンジング 135ml
","
二幸電気工業 ケーブル付アンテナ混合分波器 4K8K 3.2GHz対応 ケーブル長40cm NSM-CK8 地デジ・CATV・BS/CS対応
","
ILMBERGER / イルムバーガーカーボンパーツ ウォータークーラーカバー 右側 (バッジホルダー 右側) | KAR.032.GS12L.K
"
"
FoldStand phone スマホスタンド 折りたたみ 卓上 軽量 極薄 スマホホルダー スキミング防止カードケース スマホ スタンド 携帯スタンド スマホすたんど 寝ながらスマホ スマホ立て スマートフォンホルダー iPhone Xperia Galaxy HUAWEI AQUOS (ダークグレイ)
","
GPC Image Epson インクカートリッジ 80 IC6CL80L 6色パックエプソン とうもろこし インク 互 換 残量表示機能 2年保証 個包装 大容量 説明書付 対応機種：Epson EP-982A3 EP-707A EP-807AR EP-808AW EP-977A3 EP-979A3
","
ファンファレ ととのうみすと クレンジングウォーター 毛穴 角質 クレンジング 洗顔 [無添加 65種類の植物酵素] 毛穴ケア 化粧落とし 美肌 スキンケア スプレー (詰め替え)
","
富士パーツ商会 アンテナケーブル 極細 7.0m スリムタイプ L型プラグ-F型コネクタ (ネジ) L-S型 ホワイト/VM-4015
","
日立 ウォータークーラー 冷水専用 タンク式 卓上形 RW189B-6036 【7728077
"
"
【moimoikka】 Xperia 5 II SO-52A SOG02 エクスペリア5ii クリア ハードケース 白ねこストライプ ボーダー 柄 猫 ネコ シンプル アニマル 動物 キャラクター おしゃれ オシャレ かわいい 可愛い 柄 カバー ジャケット スマートフォン スマホケース モイモイッカ sslink
","
【旧モデル】EPSON プロジェクター 3200lm SVXGA+ VGA RCA HDMI対応 EB-S05
","
ビフェスタ クレンジングローション ブライトアップ つめかえ用 270ml
","
DXアンテナ CS/BS-IF・UHFブースター(33dB/43dB共用形) 【2K 4K 8K 対応】 デュアルブースター 家庭用 CU43AS ホワイト
","
Yeeco 30A 高電流12V コンタクタリレー スイッチ 電源スイッチ DC電源スイッチング制御ボード コントロールモジュール 電気リレースイッチ クーラーヒーター交換用ウォーターヒーター制御
"
"
Xiaomi スマートホン Xiaomi Redmi Note 9 グローバル版 4GB RAM 128GB ROM・SIMフリースマートフォン 日本語対応・Android 10, MIUI 11搭載 Googleアプリ対応 4800万画素カメラ 5020mAhバッテリ 6.53インチ IPS 1080 x 2340 (Forest Green/フォレストグリーン)
","
エプソン 純正 インクカートリッジ クマノミ KUI-6CL-L 6色パック 増量
","
ズボラボ 夜用ふき取り乳液シート クレンジングシート(メイク落とし+洗顔+化粧水+乳液+美容液) 乳液シート 夜用 35枚入
","
Postta アンテナケーブル 同軸ケーブル 4層シールド S-5C-FB 4K8K 地デジ/BS/CS/対応 F型ネジ式コネクタ 9m ブラック
","
エバニュー(EVERNEW) ウォーターキャリー2L EBY208
"
"
Hohem iSteady X スマホ スタビライザー 手持ち 3軸 ジンバル 折りたたみ式 超軽量 259ｇ ミニ三脚付き iPhone スマートフォン ジンバル スタビライザー ハンドヘルド Vlog Youtuber ライブビデオ iPhone Android用
","
RDH-4CL 【 4色 +BK1本 合計5本 BK (増量) 】 EPSON (エプソン) B/ue製 互換 RDH リコーダー インク カートリッジ 最新機種対応新型ICチップ付き 【購入から1年保証サービス】
","
ポリシー化粧品 【クレンジング】ゲルクレンジング(徳用)280g
","
Amazonベーシック ハイスピードHDMIケーブル - 1.8m (タイプAオス - タイプAオス)
","
ラジエーター 水冷 ラジエーター ウォータークーラー 10本の管付き 120×120mmファン DC12V 0.15A 軽量 持ち運び便利 使いやすい 丈夫 実用的
"
"
ミンク ファー ハンドウォーマー レディース 手首 アームウォーマー ファー手袋 フィンガーレスグローブ 指切り スマートフォン対応 暖かい ニット 冬 クリスマスプレゼント
","
エプソン用 ITH(イチョウ)互換インク ITH-6CL 互換 6色+黒1本 計7本
","
キュレル ジェルメイク落とし 130g
","
アンテナケーブル 1M 4K8K放送(3224MHz)対応 S-4C-FB 4C同軸 地デジ・BS・CS放送対応 ホワイト 金メッキプラグ L型プラグ⇔ストレートプラグ 4CFB-LS1WH エコ簡易パッケージ TARO'S
","
CPUウォーターブロック、G1/4スレッドウォーターブロック水冷ヘッドブロックラジエーター、AM2/AM3/AM3 +用デジタル温度ディスプレイおよび銅底ベースボー
"
"
OUKITEL WP6 SIMフリースマートフォン 防水防塵耐衝撃防災 10000mAhバッテリースマホ本体 6GB RAM 128GB ROM 48MP AI 3カメラHelio P70オクタコアプロセッサー6.3インチFHD+ 画面2340*1080解像度デュアルSIM Android 9.0 GPS OTG 1年間保証
","
Okelet 1613717 プロジェクターのリモコン、に適しています エプソン Epson EB-520/ EB-525W/ EB-530/ EB-530S/ EB-535W/ EB-536Wi/ EB-570/ EB-575W/ EB-575Wi/ EB-580/ EB-585W/ EB-585Wi/ EB-590WT/ EB-595Wi
","
ダヴ ボタニカルセレクション ナチュラルラディアンス ジェルクレンジング つめかえ用 150mL
","
室内アンテナ HDTVアンテナ 100KM受信範囲 信号ブースター付き UHF VHF対応 全種類テレビ対応 5ｍケーブル (White)
","
超薄型PMMAポンプ、PWMポンプ、ウォータークーラーポンプ500L / H水冷ポンプポンプ、冷却用クーラーシステム用
"
"
OUKITEL WP5 Pro Android 10.0 4G スマホ本体 8000mAhバッテリー IP68&IP69K防水 防塵 耐衝撃性 アウトドア スマートフォン本体 4GB RAM+64GB ROM SIMフリースマートフォン本体 5.5インチ 13MP(SONY)+5MP(デュアルAI)カメラ 防災携帯電話（1年保証）
","
エプソン 純正 インクカートリッジ カメ KAM-Y-L イエロー 増量
","
ソフティモ クレンジングリキッド (ハニーマイルド) 230mL
","
室内アンテナ テレビアンテナ 地デジアンテナ 4K HD TV デジタル アンテナ ブースター内蔵 高性能受信 100KM受信範囲 アンテナ 3Mケーブル付き 全種類テレビ対応 高感度 UHF VHF対応 USB式 設置簡単
","
水冷熱交換器 Acouto 12チューブ G1 / 4スレッド コンピュータ熱交換器 ウォータークーラーチューブ PC熱交換器 幅広い互換性 水冷システム(240mm)
"
"
ASUS Zenfone Live (L1) シマーゴールド 【日本正規代理店品】 ZA550KL-GD32/A
","
エプソン 純正 インクボトル タケトンボ TAK-C-L シアン 増量
","
メイク落とし オイル クレンジング オルナ オーガニック 200ml 「 お風呂場での メイク落としに 」「 洗顔 にも 使える 」「 コラーゲン ヒアルロン酸 ビタミンC誘導体 配合 日本製 」
","
隙間ケーブル/サッシケーブル 4K8K(3224MHZ) 地上. BS. CS. CATV デジタル放送対応 50cm(0.5m) 同軸ケーブル 室内引き込み用 アンテナスリム(極細)ケーブル F型コネクタータイプ (防水キャップ付属) SKM-500
","
小型冷風扇 卓上 扇風機 サーキュレーター 卓上クーラー ミスト機能付き 扇風機 小型 冷風扇 ミスト機能 快適 おしゃれ usb給電 ウォーターミスト 加湿器 wasser-fan001
"
"
Blackview BV5500PLUS SIMフリースマートフォン本体スマホ AU対応不可 技適認証済み ブラック
","
エプソン プリンター A3 インクジェット 複合機 カラリオ V-edition EP-10VA (高画質 写真印刷向け)
","
KOSE コーセー ソフティモ メイク落としシート (H) b (ヒアルロン酸) 52枚入 (172ml)
","
Focentto フラット アンテナケーブル 同軸ケーブル F型 (メス-メス) ネジ式端子 中継 接栓 地デジ BS/CS 放送対応 屋外 アンテナ 室内引き込み用 ドア 窓 間隙用 壁穿孔を避ける (約32CM)
","
マリン 家庭用卓上型 コンパクトウォーターサーバー AQUA CUBE KI-90509
"
"
UMIDIGI A5 PRO SIMフリースマートフォン Android 9.0 6.3インチ FHD+水滴型ノッチ付きディスプレイ 16MP+8MP+5MPトリプルカメラ 4150mAh 4GB RAM + 32GB ROM Helio P23オクタコア DSDV対応 グローバルバージョン 顔認証 指紋認証 技適認証済み （ブラック)
","
エプソン エコタンク搭載プリンター A4カラーインクジェット複合機 FAX付 EW-M670FTE ドキュメントパック非同梱モデル 無償保証期間3年
","
Dove ダヴ 3in1 メイクも落とせる 泡 洗顔料 つめかえ用 120ml
","
フジパーツ4K8K放送対応 BS CS 地上デジタル放送対応 S5CFB 5Cアンテナケーブル 0.5m 75Ω同軸ケーブル L型プラグ⇔Ｆ型接栓 LF5C-05/0.5m
","
ナチュラルキーパー コップ付クーラー(L) B-306 N
"
"
SIMフリー OPPO A5 2020 Blue CPH1943 (楽天モバイル版）
","
エプソン EPSON エコタンク用 メンテナンスボックス EWMB1
","
Dove ダヴ モイスチャー ミルククレンジング 195ml
","
マスプロ電工 4K8K対応 VU/BS・CS分波器(セパレーター) CSR7DW-P
","
Poafamx 大容量 水槽クーラー 24度まで調整可能 ウォータークーラー 水冷設備 160L チラー パイプ付き 小型循環式クーラー デジタル表示 省エネルギー 低ノイズ 環境保護 家庭用 水族館/魚屋/養魚場 (160L 冷却だけ)
"
"
UMIDIGI X SIMフリースマートフォン 画面内蔵指紋センサー 6.35インチ 大画面 有機ELディスプレイ48MP+8MP+5MPトリプルアカラ 4GB RAM + 128GB R0M Helio P60オクタコア 4150mAh大容量バッテリー 18W高速充電 Android 9.0 顔認証 技適認証済み au不可 (ブルー)
","
エプソン 純正 インクカートリッジ 砂時計 ICBK69L ブラック 増量
","
再春館製薬所 ドモホルンリンクル 化粧落しジェル 約60日分 メイク落とし クレンジング スキンケア
","
wuernine 52cm 隙間ケーブル フラットアンテナケーブル パラボラアンテナ/衛星アンテナ/分配器など用 地デジ/BS/CS対応用フラット延長ケーブル F型メス 白い ドア/サッシ/ベランダ用 虫入り防止用すきまケーブル 1本
","
温水クーラーディスペンサー、カウンタートップホワイト、2温度、ホット（185℉-203℉）、常温（50℉-59℉）、3-5ガロン、白
"
"
HUAWEI nova lite 3 オーロラブルー 【日本正規代理店品】 NOVA LITE 3/BL/A
","
エプソン 純正 インクカートリッジ ソフトクリーム ICCL81 カラー4色一体型
","
MD化粧品 レセプト2 クレンジングミルク メイク落とし エアレス 100ml
","
4K8K放送対応 同軸ケーブル S5CFB アンテナケーブル 1m ブラック
","
ピーコック ステンレス キーパー 大容量タイプ ステン 15L IDS-150S XA
"
"
【moimoikka】 Galaxy S10 SC-03L/SCV41 ギャラクシーS10 ケース 手帳型 ねこ 動物 キャラクター かわいい 猫 ネコ アニマル ヒッコリー（ブルー） ワッペン 刺繍 生地 布 ファブリック カード収納 フリップ カバー スマートフォン もいもいっか sslink
","
【Amazon.co.jp限定】 EPSON IC6CL50(エプソン) IC50互換インクカートリッジ(4BK/2C/2M/2Y/2LC/2LM) 6色7個×2パック/14セット 残量表示機能付 [1年の品質保証］【Miss Deer】
","
ビオレ クリアふきとりシート 20枚入り メイク落としシート [液たっぷりの大判シート][オイルフリー] クレンジング
","
DXアンテナ 分配器 【2K 4K 8K 対応】 4分配 全端子間通電 金メッキプラグ F型端子 ダイカスト製高シールド構造 4DMLS
","
ウォーターサーバーWYT-100 (床置型)
"
"
【2枚セット】らくらくスマートフォン F-42A / らくらくスマートフォン me F-01L ガラスフィルム らくらくスマートフォン me F-01L フィルム 強化ガラス 保護フィルム 日本旭硝子素材AGC 硬度9H 気泡ゼロ 飛散防止 高感度 高透過率 衝撃吸収 指紋防止 貼り付け簡単 液晶ガラス フィルム【Hcsxlcj】（F-01L）
","
エプソン 純正 インクカートリッジ カメ KAM-LC-L ライトシアン 増量
","
ラボラボ スーパーKeanaオイルクレンジング 特別セット [メイク落とし/化粧落とし/ウォータープルーフ対応] 毛穴汚れ・角質対策 クレンジングオイル (ヒアルロン酸 コラーゲン 配合)
","
タローズ TARO'S ケーブル付きアンテナ分波器（セパレーター） BS/CS/地デジ/CATV 対応 ホワイト ケーブル一体型（50cm) 出力側ケーブル付き ３重シールド TS-ABH05WH
","
freneci パック40ブランクビール缶クーラースリーブウォーターボトルカバードリンクキャディー
"
"
ASUS Zenfone5 ブラック 【日本正規代理店品】 ZE620KL-BK64S6/A
","
エプソン プリンター ハガキプリンター PF-81-2021 年賀状 宛名達人 2021年度版
","
La Roche-Posay(ラロッシュポゼ) 【敏感肌用*メイク落とし】 ミセラークレンジング ジェル 195mL
","
DXアンテナ BSアンテナ 【2K 4K 8K 対応】 45cm形 BS・110°CS アンテナセット (同軸ケーブル+取り付け金具) BC453SK
","
水冷オールインワンキット VBESTLIFE 水冷CPUクーラー ヒートシンク CPUウォーターブロック ポンプリザーバ LEDファン コンピュータ水冷キット (２つファン)
"
"
docomo Xperia 10 II SO-41A ミント スマートフォン本体
","
エプソン 純正 インクボトル ハリネズミ HAR-Y イエロー
","
キュレル ジェルメイク落とし 130g×3個 130g × ３点
","
二幸電気工業 5C アンテナケーブル 0.5m 黒 2本セット [ 4K 8K BS CS CATV 地デジ 対応/両端F型ストレート ネジ式 ] ケーブル 同軸ケーブル (V5CSS-50-BK-A-2P)
","
岩崎工業 タテヨコ・ハンドルピッチャー 2.2L  ネクスト K-1297NB
"
"
ASUS Zenfone Max Pro M1 ディープシーブラック 【日本正規代理店品】 ZB602KL-BK32S3/A
","
エプソン エプソン純正インクカートリッジ ＩＣＢＫ７６ ICBK76/62730228
","
洗顔専科 メイクも落とせる泡洗顔料 やさしく香るみずみずしいフローラルの香り 150ml
","
[フジパーツ]［4重シールド］BS CS 地上デジタル対応 S5CFB 同軸ケーブル S5CFB 5Cアンテナケーブル 1m 白 プッシュ式-Ｆ型コネクター(ねじ式)/WLF5C-10 1m
","
ミニエアコン カラフルなナイトライト付きデスクトップエアコン扇風機ポータブルミニウォータークーラーアジャスタブル3ギヤ風速350ミリリットル大容量水タンク (Color : Gray, Size : With adapter)
"
"
docomo Galaxy A20 SC-02M ホワイト White 白ロム
","
[エプソン] 腕時計 PS-100TL ブルー
","
洗顔専科 オールクリアジェル メイク落としジェル 160g
","
SODIAL(R) SODIAL(R)RP-SMA オスがメスへの無線LANアンテナコネクタの延長ケーブル ブラック 10M
","
キャプテンスタッグ(CAPTAIN STAG) ジャグ クールヒッツ ウォータージャグ3L M-5085 容量3L 1栓 保温・保冷タイプ
"
"
docomo Galaxy A20 SC-02M ブラック Black 白ロム
","
エプソン ビジネスプロジェクター 液晶 3700lm WXGA 2.5kg EB-W06
","
ソフティモ ディープ クレンジングオイル N つめかえ200mL
","
au 純正 ソニーモバイル USB Type-C(TM)-3.5φ変換ケーブル01 (TVアンテナ機能付) 03SOHSA
","
ILMBERGER / イルムバーガーカーボンパーツ エアチューブ 右側 (アッパーウォータークーラーカバー) | WKR.025.GS12L.K
"
"
らくらくスマートフォン F-42Aケース シンプル らくらくスマートフォン me F-01Lカバーおしゃれレトロ調 カード入れFujitsu 富士通 F-42Aケース 手帳型 合成皮革 カード収納 docomo らくらくスマートフォン F-42A全面保護カバー スタンド機能 マグネットなし指紋防止 横置き機能 落下防止 耐衝撃 耐摩擦docomo F-01Lカバー (らくらくスマートフォン F-42A/ F-01L, ネイビー)
","
【LxTek】Epson用 エプソン インクカートリッジ KAM-6CL-L 6色セット インク カメ 『互換インク/2年保証/増量/説明書付/残量表示/個包装』対応機種：Epson EP-882AW EP-882AB EP-882AR EP-881AW EP-881AB EP-881AR EP-881AN
","
オルビス(ORBIS) クレンジングジェル 150g
","
エスエスエーサービス テレビアンテナケーブル 0.3m 国産4C F型両端ストレート S4-FP-FP-0.3
","
DC12V 280L/H ミニ ブラシレス モーター USBウォーターポンプ
"
"
Sony Xperia XZ1 SO-01K SOV36 ガラスフィルム Sony Xperia XZ1 SO-01K SOV36 強化ガラス 全面保護 液晶保護フィルム 日本製素材旭硝子製 最强硬度9H /3D曲面/飛散防止/指紋防止/透過率99%/ 気泡ゼロ/貼付け簡単 ガラスフィルム (1g xz1)
","
【LxTek】Epson用 PX-048A PX-049A インク RDH-4CL インクカートリッジ 6本セット(4色セット+黒2本) エプソン リコーダー インク 『互換インク/2年保証/大容量/説明書付/残量表示/個包装』対応機種：Epson PX-048A PX-049A
","
ソフティモ ラチェスカ 水クレンジングシート (クリア) 50枚
","
SMA端子 オス―メス、同軸RFコネクタ アンテナ延長線 RG58純銅ケーブル 20m…
","
【BLIST】ペットボトル対応 温冷 コンパクト ウォーターサーバー BW-188 SY-108 /冷水/温水/水分補給/
"
"
iPhone12 mini ケース TopACE iPhone12 mini保護フレーム アイアンマン見た目 二重構造 スタンド機能付き 超耐磨 最軽量 米軍MIL規格クリア[ 落下 衝撃 吸収 ] スマートフォンケース iPhone 5.4インチ 2020 対応 (ブラック)
","
エプソン インクカートリッジ ICBK80L ICBK80L 00025703【まとめ買い3個セット】
","
ビオレ こくリッチメイクオフクリーム 200g
","
leeyovk SMA 端子 WIFI アンテナ ケーブル SMAオス⇔メス 同軸変換 RF 延長 ケーブル ２m 直接コネクタ ピッグテールエクステンダコネクタ ……
","
イグルー（イグルー） スポーツ5ガロン ローラー ブルー 42115
"
"
エイスース SIMフリースマートフォン ZenFone Go ブラック ZB551KL-BK16
","
エプソン 純正 インクカートリッジ 風船 IC6CL50 6色パック
","
La Roche-Posay(ラロッシュポゼ) 【敏感肌用*メイク落とし】 ミセラークレンジング ウォーター(クレンジングウォーター) 200mL
","
1Mii Bluetooth 5.0 ブルートゥース オーディオ ワイヤレス 送信機 2台同時接続 apt-x HD apt x LL 低遅延 同軸coaxial/光デジタル/3.5mm AUX/RCA/接続をサポート テレビ/CDプレーヤー/ステレオシステム/パソコン ・ぶるーとぅーすイヤホン/スピーカーなどで使える B0302
","
Iycorish DIYキットTEC1-12706熱電ペルティエモジュール、ウォータークーラー冷却システム60W
"
"
【2+1】らくらくスマートフォン F-42A フィルム 2枚 + ケース QULLOO ガラスフィルム TPU素材ケース 日本旭硝子製 強化フィルム 9H硬度 高透過率 防指紋 飛散防止 落下防止 衝撃吸収 docomo F-42A フィルム + 保護カバー（ブラック）
","
エプソン 純正 インクボトル 鉛筆削り IT08KA ブラック 小型
","
【まとめ買い】ビオレ うるうる密着泡 つめかえ用 140ml×2個 +うるおいジェリーしっとり35ml クレンジング
","
二幸電気工業 4C 同軸ケーブル 15m 薄灰 [ 地デジ CATV BS CS 2K 4K 8K 対応 ] アンテナケーブル 銅芯線 4CFB (4CFB-150RPG)
","
大塚製薬 ポカリスエット クーラージャグタンク 13L
"
"
TCOLL らくらくスマートフォン F-42A フィルム【 2枚セット】らくらくスマートフォン F-42A ガラスフィルム 強化ガラス液晶保護フィルム【日本製旭硝子素材】指紋防止 飛散防止 気泡防止 防塵 2.5D 硬度9H 耐衝撃 高感度 HD高透過率
","
【LxTek】Epson用 PX-048A PX-049A インク RDH-4CL インクカートリッジ 8本セット(4色セット*2) エプソン リコーダー インク 『互換インク/2年保証/大容量/説明書付/残量表示/個包装』対応機種：Epson PX-048A PX-049A
","
KOSE ソフティモ ホワイト メイク落としシート b 52枚入 (182mL)
","
日本アンテナ スキマケーブル 4K8K対応 0.5m F型端子 CF75E
","
SANKUA 500ML 大容量 超音波式 加湿器 アロマ対応 超静音 無段階調整 除菌 防塵 乾燥防止 ライト付き 卓上 オフィス 寝室適用
"
"
[MOLAN CANO] Samsung Galaxy NOTE 20 Ultra ケース TPU材質 スリム ソフト 軽量 カバー かわいいケース衝撃吸収 ワイヤレス充電 キュート 3D Ears Design マットな質感のスマートフォンケース (Galaxy Note20 Ultra, ピンク)
","
エプソン プリンター A4 インクジェット 複合機 ビジネス向け PX-M650F (FAX付)
","
ソフティモ ラチェスカ 水クレンジングシート (モイスト) 50枚
","
DXアンテナ アンテナケーブル 【2K 4K 8K 対応】 L形プラグ + ストレートプラグ 4C 5m ライトブラウン 4JW5SLS(P)
","
アイリスオーヤマ 防災グッズ ウォータータンク 10リットル 防災 用品 災害グッズ WAT-10L
"
"
らくらくスマートフォン F-42A ガラスフィルム 強化ガラス らくらくスマートフォン F-42A 液晶保護フィルム  らくらくスマートフォン F-42A 対応 フィルム 硬度9H 厚さ0.26 日本旭硝子素材AGC 気泡ゼロ 飛散防止 高感度 高透過率 衝撃吸収 指紋防 TRkin
","
エプソン 純正 インクボトル クツ KSU-BK-L ブラック
","
キュレル オイルメイク落とし 150ml
","
アンテナ中継プラグ Wuernine 5個セット F型接栓 メスメス アンテナケーブル延長用コネクター 分波器 同軸ケーブル テレビTV 受信機 ラジオ 地デジ CATV BS CS対応プラグ変換アダプタコネクタ
","
Panasonic ウォータークーラー 卓上水道直結式 冷水専用型SD-P105
"
"
A-VIDET Google Pixel 5ケース【滑り止め設計】カーボンソフトケース 耐久性 耐劣化性 日本水準の高品質TPU素材製 Google Pixel 5カバー 軽量 弾力性ある 衝撃吸収バンパー Google Pixel 5スマートフォン対応 (ブラック)
","
エプソン 純正インクパック マゼンタ 約5000ページ IP01MB
","
再春館製薬所 ドモホルンリンクル 化粧落しジェル 約60日分 メイク落とし クレンジング スキンケア
","
日本アンテナ ケーブル付分波器 入力1.5m/出力0.5mケーブル 4K8K対応 BS・CS出力端子-入力端子間通電 CSSUES15L
","
エバニュー(EVERNEW) ウォーターキャリー1.5L EBY207
"
"
【moimoikka】 SO-01K/SOV36/701SO Xperia XZ1 エクスペリア 手帳型 スマホ ケース はちわれ猫 動物 キャラクター かわいい (オレンジ) ネコ ねこ アニマル ダイアリータイプ 横開き カード収納 フリップ カバー スマートフォン モイモイッカ もいもいっか sslink
","
【LxTek】Epson用 エプソン IC6CL80L インクカートリッジ 6色セット とうもろこし インク 『互換インク/2年保証/大容量/説明書付/残量表示/個包装』対応機種：Epson EP-982A3 EP-707A EP-807AR EP-808AW EP-977A3 EP-979A3
","
オルナ オーガニック クレンジングジェル 無添加 「 毛穴 開き 黒ずみ 用」 メイク落とし 130ｇ
","
wuernine 52cm フラット アンテナ ケーブル 隙間ケーブル テレビ用ケーブル 室内引き込み用コード 地デジ/BS/CS対応 F型 サッシ/窓用 虫入り防止 1本
","
ミニウォーターディスペンサークーラー、ホットおよびコールドボトルウォータークーラーディスペンサー、強化ガラスおよびステンレススチールライナー付き、家庭または商業/オフィスに適しています
"
"
PGYTECH Osmo Pocket用 スマートフォンホルダー＋
","
エプソン用 ITH(イチョウ)互換インク ITH-6CL 互換 6色セット
","
[ 医薬部外品 ] MEDISTHE 薬用 ニキビ 予防 毛穴 洗浄 クレンジングバーム 85g [ くすみ 黒ずみ 保湿 メイク落とし 化粧落とし ニキビケア 毛穴ケア クレンジング オイル バーム 顔 フェイス 角質 肌荒れ メンズ レディース 業務用 ]
","
エレコム アンテナケーブル 2.5C スリムタイプ F型端子 差込式L字-差込式ストレート型 1m ブラック AV-ATLS10BK
","
Poafamx 水槽ヒーター 水槽クーラー最低温度24度冷却と加温 ウォータークーラー 水冷設備 パイプ付き ウォーターポンプ付き 小型循環式クーラー デジタル表示 恒温 低ノイズ 省エネルギー 環境保護 家庭用/水族館/魚屋/養魚場 110V (30L冷却と加温)
"
"
UMIDIGI POWER3 Android 10.0フリースマートフォン 6150mAh超大容量バッテリー 48MP + 13MP + 5MP + 5MP AIクアッドカメラ+16MPフロントカメラ RAM 4GB＋ROM 64GB 10 W急速逆充電付き 18W高速充電付き6.53インチ 2340 x 1080/FHD+ 顔認証 指紋認証 技適認証済み 「ミッドナイトグリーン」
","
エプソン用最優良互換インクカートリッジ IC90-PG(BK/C/M/Y)×1 【高級顔料】４色セット (増量) 残量表示機能付 ICチップ対応 【Green Shower製】【安心一年パック】
","
SUMMERWIN化粧落とし容器クレンジングオイル容器トラベルボトル液体化粧品小分けボトル用空ボトル押し式収納瓶携帯該当するけしょうすい/ローション/クレンジングオイル/ネイルポリッシュリムーバー（60ML）…
","
アンテナケーブル 5m 5C テレビケーブル 同軸ケーブル L型変換プラグ付き wuernine F型オス BS CS 地デジ 4K8K放送対応 ネジ込み式
","
Poafamx 水槽クーラー 15-30℃調整可能 60L 冷却 ウォータークーラー 水冷設備 パイプ付き ウォーターポンプ付き 小型循環式クーラー デジタル表示 恒温 低ノイズ 省エネルギー 環境保護 家庭用/水族館/魚屋/養魚場/ホテル 110V 日本語取扱説明書付き (60L冷却だけ)
"
