パンを焼く,コンセントを増やす,キーボード,スイッチ,スマブラ,羽なし扇風機,クレンジング,スターウォーズ,スマートフォン,エプソン,アンテナケーブル,ウォータークーラー
マーナ　トーストスチーマー／MARNA,AVラック　共栄商事(AURORA)　テーブルMタイプ(高さ850mm)　M-TV85M,ロジクール ワイヤレス イルミネートキーボード K800t 無線 キーボード ワイヤレス 超薄型 Unifying windows K800 薄型 国内正規品 3年間無償保証,【即日発送】【新品】【送料無料】Nintendo Switch Lite　イエロー グレー　ターコイズ 2019年9月新モデル　任天堂 ニンテンドー スイッチ　ライト　4色,大乱闘スマッシュブラザーズ SPECIAL Nintendo Switch HAC-P-AAABA,ハンディファン 羽根なしブレードレスファン ハンディ 卓上 2way 風量3段階 スマホスタンド###羽無し扇風機X9S###,【楽天ランキング1位】クレンジング ジェル 無添加 毛穴 開きオルナ オーガニック黒ずみ用 化粧落とし 洗顔 メイク落とし 毛穴黒ずみ 毛穴ケア マツエク OK 130g 8項目の 無添加 ALLNA ORGANIC,【4K ULTRA HD】スター・ウォーズ スカイウォーカー・サーガ 4K UHD コンプリートBOX(数量限定)(4K ULTRA HD+ブルーレイ),日本正規品 メーカー保証 OPPO A5 2020 SIMフリー版 超広角 4眼カメラ 大画面 大容量バッテリー シムフリー FMラジオ ハイレゾ ドルビー 5000mAh 長持ちバッテリー アンドロイド スマートフォン本体 リバース充電 顔認証,ITH イチョウ エプソン用 互換インク 自由選択6個セット フリーチョイス 選べる6個,分波器 テレビ アンテナケーブル 4K 8K BS CS 地デジ 入力 ケーブル付き 一体型 1.5m 0.3m 4K ノイズに強い プラチナアンテナ ケーブル,【法人様宛限定】【代引き不可】ナカトミ NWC-F30C ウォータークーラー（床置形） 冷水専用
冷凍デニッシュ生地 家庭で美味しく焼けるデニッシュ アップルデニッシュ ハムデニッシュ くるみデニッシュ チョコデニッシュ オーブントースターで焼けるパン トースターで焼けるパン プロの味が家庭で焼けるパン お家でパンを焼く パンを焼く動画,アジャスタブルテーブル　共栄商事(AURORA)　テーブルMタイプ(高さ850mm)　HA-M66,ロジクール アドバンスド ワイヤレスキーボード KX800 MX KEYS 充電式 bluetooth Unifying Windows Mac FLOW ワイヤレス 無線 キーボード 国内正規品 2年間無償保証,8Bitdo Zero2 Gamepad ニンテンドースイッチ対応　Windows SWITCH スイッチ パソコン 携帯 スマホ アンドロイド 対応 ワイヤレス コントローラー 無線 Cyberplugs,任天堂　Nintendo 大乱闘スマッシュブラザーズ SPECIAL【Switch ニンテンドー スイッチ ソフト スマブラ】,ネックファン 充電式 扇風機 首かけ 充電式ネックファン 羽根なし 扇風機 ポータブル 扇風機 肩がけ ネッククーラー 熱中症対策 扇風器 携帯 持ち運び ハンディファン より ハンズフリー で便利 髪の毛が巻き込まれにくい 屋外作業 アウトドア スポーツ 送料無料 羽なし,マイルドクレンジング オイル 1本 【ファンケル 公式】 [クレンジング マイクレ 送料無料 無添加 毛穴 FANCL マイルドクレンジングオイル クレンジングオイル オイルクレンジング メイク落とし 基礎化粧品 スキンケア メーク落とし 無添加化粧品 化粧落とし],【BLU-R】スター・ウォーズ／スカイウォーカーの夜明け MovieNEX ブルーレイ+DVDセット(初回版),送料無料 日本正規品 メーカー保証 OPPO Reno3 A SIMフリー版 最新機種 大画面 Android simfree スマホ新品 128GB 急速充電 大容量バッテリー 4眼カメラ 超広角 有機EL おサイフケータイ FeliCa フェリカ 防水 防塵 スマホ アンドロイド シムフリー 本体 オッポ リノ reno3a,IC6CL80 6色セット×2 【IC6CL80 大容量/増量タイプ】 【互換インクカートリッジ】 EP社 IC80 / IC6CL80インク 【送料無料】【永久保証】 EP-707A EP-708A EP-777A EP-807AB EP-807AR EP-807AW EP-808AB EP-808AR EP-808AW EP-907F EP-977A3 EP-978A3 EP-979A3 【EPSON用】,TVアンテナ用同軸ケーブル　S-5C-FB　黒,水は自前で！本格ウォーターサーバーの販売　コンプレッサー冷却の本格ウォーターサーバーです。【ペットボトル タイプ 冷水機 冷水器 本体 購入 ウォーターディスペンサー】
ショップ限定『ステンレス製平天板』＆『パンをサクッと焼く魔法の銅板』セット【ステンレス板】【オーブン用天板】【パンの銅板】【平天板】【ハード系パン】【パン作り】【銅板】【クープが開かない】【クープが割れない】,AVラック　共栄商事(AURORA)　テーブルMタイプ(高さ665mm)　M-65M,ロジクール ワイヤレスキーボード K380 無線 キーボード 薄型 小型 Bluetooth ワイヤレス windows mac K380BK K380BL K380RD K380OW K380RO 国内正規品 2年間無償保証,8Bitdo-Lite Gamepad ニンテンドースイッチ対応　Windows対応 SWITCH スイッチ パソコン ワイヤレス コントローラー 連射機能 無線 Cyberplugs,【Switch】大乱闘スマッシュブラザーズ SPECIAL 任天堂 [HAC-P-AAABA NSWスマブラ],羽根なし扇風機 羽無し ハンディファン ポータブル扇風機 USB 充電式 ミニ扇風機 アウトドア スタンド ハンディ 卓上 小型 軽量 手持ち 送風機 夏 おしゃれ,SK-2 / SK-II（エスケーツー）フェイシャル トリートメント クレンジング ジェル 80g｜正規品 送料無料 sk2 ピテラ マックスファクター 化粧品 コスメ クレンジングジェル スキンケア ギフト 妻 女性 彼女 公式 skii sk ii 洗顔料 30代 エスケーツー プレゼント 洗顔,【BLU-R】スター・ウォーズ／スカイウォーカーの夜明け MovieNEX ブルーレイ+DVDセット(通常版),富士通 simフリースマートフォン arrows M05,KUI クマノミ エプソン用 互換インク 増量 自由選択6個セット フリーチョイス 選べる増量6個,アンテナケーブル　コネクター付　S5CFB 黒　20m,パナソニックウォータークーラー(冷水専用水道直結式)型式：SD-P105寸法：幅300mm 奥行450mm 高さ600mm送料：無料 (メーカーより)直送保証：メーカー保証付
ショップ限定270サイズ丸天板用　『パンをサクッと焼く魔法の銅板』【オーブン用天板】【銅板】【パンの銅板】【クープが開かない】【クープが割れない】【ハード系】【フランスパン】【製パン道具】【パン作り】【パン型】,AVラック　共栄商事(AURORA)　テーブルMタイプ(高さ850mm)　M-TV85M,【ふるさと納税】東プレ　コンピューターキーボードC　Realforce RGB　(型式：R2A-JP4G-BK AEAZ05）,【新品】新型モデル Nintendo Switch ニンテンドースイッチ 本体 Joy-Con (L) ネオンブルー/ (R) ネオンレッド,大乱闘スマッシュブラザーズ SPECIAL Nintendo Switch HAC-P-AAABA,【ポイント10倍実施中】サーキュレーター ホット＆クールファン 風量5段階 羽根なしサーキュレーター ドライ扇風機 ヒーター 衣類乾燥 リモコン タイマー付き DCモーター YAR-ZD171 HOT ＆ COOL 送風 乾燥 暖房 冷房 山善 YAMAZEN 【送料無料】,【クーポンでMAX15％OFF】クレンジング ジェル メイク落とし メイクオフ 毛穴 洗顔 オススメ ランキング くすみ 角質 マツエク おうち美容 朝洗顔 天然 日本製 [プリュ アミノ モイスチュア クレンジングジェル（300g：ボトルタイプ）］[通]【郵便局/コンビニ受取可能】,サイドショー社製 『スターウォーズ』 1/6スケールフィギュア 【ロード・オブ・シス】ダース・ベイダー（ジェダイの帰還）/Star Wars - 1/6Darth Vader (Return of the Jedi),日本正規品 メーカー保証 OPPO Reno A SIMフリー版 Android simfree スマホ本体新品 64GB 指紋認証 顔認証 有機EL SIMフリー スマホ アンドロイド シムフリー スマートフォン フェリカ FeliCa おサイフケータイ 携帯 本体 防水,IC6CL50 エプソン 純正プリンタインク(6色セット) EPSON,"【2000円OFFクーポン配布中】テレビ 32型 液晶テレビ スピーカー前面 メーカー1,000日保証 TV 32インチ 32V 地上・BS・110度CSデジタル 外付けHDD録画機能 HDMI2系統 VAパネル 壁掛け対応 maxzen マクスゼン J32SK03",MF-30P3 卓上形 冷水機 東芝ウォータークーラー/西山工業 水道直結式 代引不可 メーカー直送品 在庫限品
【中古】 国産小麦でパンを焼く おいしくて安全 / 農文協 / 農山漁村文化協会 [単行本]【メール便送料無料】【あす楽対応】,アジャスタブルテーブル　共栄商事(AURORA)　テーブルMタイプ(高さ850mm)　HA-M66,【楽天1位】キーボード Bluetooth 5.1 ワイヤレス iPad 第8世代 第7世代 キーボード 日本語＆英語配列 ブルートゥース 軽量 小型 静音 スリム us jis配列 iPhone スマホ タブレット Mac/iOS/Android /Windows応 2020 10.2 スマホ ノートPC iPhone SE 在宅 ワーク 送料無料,新型 Nintendo Switch ニンテンドースイッチ 本体 Joy-Con (L) ネオンブルー/ (R) ネオンレッド 任天堂 ゲーム機 プレゼント ギフト 家族 ファミリー [ラッピング対応]MZK,大乱闘スマッシュブラザーズ SPECIAL,スリム扇風機 冷風機 スリムタワーファン 羽なし扇風機 リモコン機能 静音 自然風 速冷 タイマー機能 省エネ 首振り 熱中対策 自宅用/事務室用/寝室 高齢者・妊婦・子供に最適 100V,ディブ オリーブ＆アルガン クレンジングオイル 500ml [ メイク落とし オリーブオイル成分　熊野油脂 アルガンオイル オーガニック オリーブオイル 敏感肌 肌 に やさしい 乾燥肌 クレンジング 毛穴 保湿 しっとり 高保湿 うるおい おすすめ 大容量 潤い ],タカラトミーアーツ スター・ウォーズ ドロイドトーク R2-D2＆BB-8 ペアセット 4904790527142 スカイウォーカーの夜明け公開記念特別セット,OPPO A5 2020 simフリー スマホ 本体 新品 スマートフォン 本体 楽天モバイル 端末のみ 楽天モバイル対応,エプソン EP-882AW インクジェットプリンター カラリオ ホワイト プリンター,"アンテナケーブル 同軸ケーブル (ff 0.5m, fl 1.5m 3m) 4K8K対応 S-4C-FB 地デジ 地上デジタル BS CS TV テレビ メール便送料無料 ycm3",Panasonic パナソニック(旧サンヨー) ウォータークーラー SD-P205A 業務用 業務用冷水器 冷水器
【中古】 楽健寺酵母でパンを焼く りんご＋にんじん＋長いも＋ごはんで天然酵母 / 山内 宥厳 / 農山漁村文化協会 [単行本]【メール便送料無料】【あす楽対応】,AVラック　共栄商事(AURORA)　テーブルMタイプ(高さ665mm)　M-65M,エレコム 無線薄型フルキーボード 無線 薄型 フル キーボード ワイヤレス メンブレン式 無線キーボード フルサイズ ブラック TK-FDM110TBK,【新品 印無し】Nintendo Switch あつまれ どうぶつの森セット 本体 任天堂 ニンテンドー スイッチ 任天堂 ニンテンドー スイッチ,【中古】大乱闘スマッシュブラザーズ SPECIALソフト:ニンテンドーSwitchソフト／任天堂キャラクター・ゲーム,【もれなくP5倍★本日12:00〜23:59】 扇風機 おしゃれ スリム タワー dc 送料無料 リモコン 縦型 タワー型 dcモーター リビング タワーファン タワー扇風機 リビングファン リビング扇風機 スリムファン リモコン付き 首振り 節電 省エネ AND・DECO アンドデコ,71％OFF！エゴイプセ クレンジングバーム 80g マツエクOK W洗顔不要 爽やかなラベンダーの香り 生クレンジング,バンダイスピリッツ S.H.Figuarts ザ・マンダロリアン （ベスカーアーマー） （STAR WARS：The Mandalorian） （ZF74343）,AQUOS sense3 lite simフリー スマホ 本体 新品 スマートフォン 本体 楽天モバイル 端末のみ 楽天モバイル対応,EPSON インクカートリッジ（増量6色パック） IC6CL80L,アンテナケーブル 10m (1000cm) 4K / 8K / 地デジ / BS / CS 対応 S-4C-FB 高品質 【同軸ケーブル テレビ ケーブル コード テレビコード】,パナソニックウォータークーラー(冷水専用水道直結式)型式：SD-P205A(旧SD-P205)寸法：幅345mm 奥行330mm 高さ947mm送料：無料 (メーカーより)直送保証：メーカー保証付自動洗浄装置付
【中古】 90分でおいしいパンを焼く / 竹野 豊子 / 講談社 [単行本]【メール便送料無料】【あす楽対応】,,【ふるさと納税】東プレ　コンピューターキーボードA　(型式：R2TLA-JPV-IV AHAZ06),新N【新モデル】新型Nintendo Switch Joy-Con(L) ネオンブルー/(R) ネオンレッド【2019年8月発売モデル】【バッテリー持続時間が長くなったモデル】任天堂 4902370542912 HAD-S-KABAA,【新品】NSW 大乱闘スマッシュブラザーズ SPECIAL【送料無料・メール便発送のみ】（着日指定・代金引換発送は出来ません。),【ポイント最大44倍】スリムタワーファン 羽根なし 扇風機 タワーファン おしゃれ タワー型扇風機 風量調整9段階 静音 DCモーター 左右首振り 安全 安心設計 タッチセンサー タイマー機能 リモコン付 省エネ設計 ブレードレス扇風機 エアコン 冷暖房の効率アップ,【アテニア 公式】スキンクリア クレンズ オイル （レギュラーボトル）（全3種） 送料無料[Attenir クレンジング 化粧品 クレンジングオイル 毛穴 W洗顔不要 オイルクレンジング アルガンオイル 顔 メイク落とし 化粧落とし 洗顔 角質ケア メーク落とし クレンズオイル ],【4K ULTRA HD】スター・ウォーズ スカイウォーカー・サーガ 4K UHD コンプリートBOX(数量限定)(4K ULTRA HD+ブルーレイ),SH-M12-B SHARP（シャープ） AQUOS sense3 SH-M12（ブラック）- SIMフリースマートフォン [5.5インチ(IGZO) / メモリ 4GB / ストレージ 64GB],KAM-6CL-L エプソン 純正インクカートリッジ（6色セット・増量） EPSON　カメ,"【1500円OFFクーポン配布中】テレビ 24型 液晶テレビ スピーカー前面 メーカー1,000日保証 24インチ 24V 地上・BS・110度CSデジタル 外付けHDD録画機能 HDMI2系統 VAパネル maxzen マクスゼン J24SK03",AT-18HWG ホシザキ ウォータークーラー ウォーターサーバー 温・冷切替タイプ 送料無料
【中古】 白神こだま酵母でパンを焼く 国産小麦がふんわりやわらか / 大塚 せつ子 / 農山漁村文化協会 [単行本（ソフトカバー）]【メール便送料無料】【あす楽対応】,,ロジクール ワイヤレスキーボード K270 K275 無線 薄型 テンキー 耐水 Unifying キーボード ワイヤレス windows 国内正規品 3年間無償保証,Nintendo Switch 本体 グレー 任天堂 ニンテンドースイッチ HAD-S-KAAAA 新型モデル あり ■◇,在庫あり[メール便OK]【新品】【NS】大乱闘スマッシュブラザーズ SPECIAL【RCP】,〔一部値引きー300円〕限定NEWカラー登場［30日保証］【扇風機 首かけ 首掛け ネックファン 2020 首かけ扇風機 首掛け扇風機 ハンズフリーファン 羽なし ハンディファン ハンズフリー ネッククーラー 首掛けファン】★宅配便送料無料★ 360度冷却 ネックバンドファン,【1位獲得！！W洗顔不要 とろけるクレンジング90g　3個セット・送料無料・メイク落とし】ink.（インク）クレンジングバーム 無香料（90g・約50日分×3個）,スター・ウォーズ／スカイウォーカーの夜明け（数量限定） [ デイジー・リドリー ],日本正規品 メーカー保証 OPPO A5 2020 SIMフリー版 超広角 4眼カメラ 大画面 大容量バッテリー シムフリー FMラジオ ハイレゾ ドルビー 5000mAh 長持ちバッテリー アンドロイド スマートフォン本体 リバース充電 顔認証,エプソン KUI-BK-L インクカートリッジ クマノミ(ブラック増量タイプ) KUI-BK-L,分波器 テレビ アンテナケーブル 4K 8K BS CS 地デジ 入力 ケーブル付き 一体型 1.5m 0.3m 4K ノイズに強い プラチナアンテナ ケーブル,MF-51P2 床置き形 冷水機 東芝ウォータークーラー 水道直結式 業務便代引不可 メーカー直送品 在庫限り
【中古】 めちゃおいしいパンを焼く / 竹野 豊子 / 主婦の友社 [文庫]【メール便送料無料】【あす楽対応】,,ロジクール ワイヤレスキーボード K275,[新品] 任天堂 新型Nintendo Switch Joy-Con(L)/(R) グレー 4902370542905 新型スイッチ,【中古】スマブラ スペシャル/大乱闘スマッシュブラザーズ SPECIAL Nintendo Switch ニンテンドースイッチ HAC-P-AAABA/ 中古 ゲーム,ブレードレス扇風機 タワー型 羽根なし扇風機 スタイリッシュで省スペース,《2本以上購入で1本プレゼント 10/28 14:59迄》温冷感ジェルで毛穴汚れをすっきりOFF！【skinvill ホットクレンジングジェル 200g】送料無料スキンビル ジェル メイク落とし 温感 酵素 化粧落とし 毛穴 洗顔 skc,【BLU-R】スター・ウォーズ／スカイウォーカーの夜明け MovieNEX ブルーレイ+DVDセット(初回版),送料無料 日本正規品 メーカー保証 OPPO Reno3 A SIMフリー版 最新機種 大画面 Android simfree スマホ新品 128GB 急速充電 大容量バッテリー 4眼カメラ 超広角 有機EL おサイフケータイ FeliCa フェリカ 防水 防塵 スマホ アンドロイド シムフリー 本体 オッポ リノ reno3a,送料無料 EPSON エプソン 純正 インクカートリッジ IC6CL50 6色セット_4548056530806_81,TARO'S アンテナケーブル 2M 4K8K放送(3224MHz)対応 S-4C-FB 4C同軸 地デジ・BS・CS・CATV放送対応 金メッキプラグ L型プラグ⇔F型接栓プラグ（ネジ式）ホワイト/ブラック 4CLF-02 タローズ [送料無料],ホシザキ・星崎ウォータークーラー(卓上型)型式：AT-18WG寸法：幅300mm 奥行458mm 高さ610mm送料：無料 (メーカーより)直送保証：メーカー保証付冷水専用
白神こだま酵母でパンを焼く 国産小麦がふんわりやわらか [ 大塚せつ子 ],,【ふるさと納税】東プレ　コンピューターキーボードD　Realforce RGB TKL　(型式：R2TLA-JP4G-BK AFAZ05）,[新品] 任天堂 新型Nintendo Switch JOY-CON(L) ネオンブルー/(R) ネオンレッド 4902370542912 スイッチ,任天堂 SWITCHゲームソフト 大乱闘スマッシュブラザーズ　SPECIAL,【1年間品質保証】サーキュレーター 首振り 上下左右 壁掛け 羽根なし扇風機 7段階風量切替 リモコン付き 羽なし 卓上 扇風機 ファン 安心 安全 3色なら選べる,マイルドクレンジング オイル 2本 【ファンケル 公式】 [クレンジング マイクレ 送料無料 無添加 毛穴 FANCL マイルドクレンジングオイル クレンジングオイル オイルクレンジング メイク落とし 基礎化粧品 スキンケア メーク落とし 無添加化粧品 化粧落とし],【数量限定生産品】プラチナ萬年筆　万年筆　細字F　＃3776 センチュリー　PNB-33000SW#1-2　スターウォーズ　オープニング,ZB633KL-BL64S4 ASUS（エイスース） ASUS ZenFone Max (M2) 64GBモデル スペースブルー 6.3インチ SIMフリースマートフォン[マルチキャリア対応：NTT docomo/au/Softbank/Y！mobile],エプソン　インクカートリッジ　ブラック　ICBK70　1個,アンテナケーブル 同軸ケーブル 10m 4K8K対応 S-4C-FB 地デジ 地上デジタル BS CS TV テレビ F+L型 メール便送料無料 ycm3,西山工業 冷水機 ウォータークーラー 3L 水道直結卓上 MF-30P3【KK9N0D18P】
【中古】 自家製酵母でパンを焼く 四季おりおり ／相田百合子(著者) 【中古】afb,,【楽天1位】キーボード bluetooth 5.1 ワイヤレス キーボード 日本語配列 jis配列 小型 軽量 静音 スリム コンパクト ブルートゥース ipad スマホ タブレット パソコン アイ パッド Mac/iOS / Android /Windows対応 最大3台のマルチペアリング 日本語説明書,【即日発送】【新品未開封】NintendoSwitch Joy-Con(L)ネオンブルー(R)ネオンレッド　【2019年8月新型モデル】HAC-S-KABAA 任天堂 ニンテンドー スイッチ ニンテンドースイッチ 本体　ゲーム ゲーム機 最新 Nintendo Switch,【即納★新品】NSW 大乱闘スマッシュブラザーズ SPECIAL【2018年12月07日発売】,ブレードレスサーキュレーター 小型扇風機 羽根なし扇風機 おしゃれ 丸型,【シトラスの香り！W洗顔不要 とろけるクレンジング90g お得な3個セット・送料無料】ink.(インク）クレンジングバーム シトラス （90g・約50日分×3個）,Star Wars スターウォーズ 3D ダースベイダー ライトセーバー ネクタイピン タイバー タイピンメンズアクセサリーの通販 ギフト プレゼント お祝い結婚式 ビジネス 新生活 父の日 彼氏 夫 ブランド,富士通 simフリースマートフォン arrows M05,PX-M6711FT エプソン エコタンク搭載 A3ノビ対応 インクジェットプリンタ複合機（FAX搭載） EPSON,TARO'S ケーブル付きアンテナ分波器+アンテナケーブル 2m のセット 2K・4K・8K対応 [BS/CS/地デジ/CATV対応セパレーター ホワイト 出力側ケーブル一体型 50cm 2.5CFB 2重シールド + L型⇔F型 アンテナケーブル] TS-ABH05WH4K-LF2SET [送料無料],西山工業 西山工業 水道直結卓上ウォータークーラー【水道直結式】 MF-30P3
油絵 ジャン＝フランソワ・ミレー パンを焼く女 F12サイズ F12号 606x500mm 油彩画 絵画 複製画 選べる額縁 選べるサイズ,,【楽天1位】VicTsing 超静音 ワイヤレス キーボード マウス セット【日本語配列】【スタンド付き】 2.4GHz キーボードワイヤレス 小型 無線マウス 無線キーボード 省エネ ワイヤレスキーボード ワイヤレスマウス パソコン PC コンパクト 防滴型 無音型 日本郵便,新型 Nintendo Switch ニンテンドースイッチ 本体 Joy-Con グレー 任天堂 ゲーム機 プレゼント ギフト 家族 ファミリー [ラッピング対応可],【和泉中央店】Nintendo Switch 大乱闘スマッシュブラザーズSPECIAL【中古】,ハンディファン ハンディ扇風機 羽なし 扇風機 ハンディ 羽根なし 暑さ対策 祭り 熱中症 対策 静音 かわいい ねこ 小型扇風機 手持ち USB充電 3階段風量 携帯 扇風機 コンパクト ミニ扇風機 旅行用 ハンディファン ミニファン USB充電 ファン 送風機,【楽天ランキング1位】クレンジング ジェル 無添加 毛穴 開きオルナ オーガニック黒ずみ用 化粧落とし 洗顔 メイク落とし 毛穴黒ずみ 毛穴ケア マツエク OK 130g 8項目の 無添加 ALLNA ORGANIC,スターウォーズ[エコバッグ]折りたたみ STAR WARS,新品・未使用 SIMフリー スマートフォン SoftBank 503LV ブラック 液晶5.0インチ シムフリー windows モバイル Lenovo ブラック 黒 simfree スマホ スマートホン 白ロム 格安スマホ SIMFREE,EPSON 「純正」インクカートリッジ（6色パック・ブラックのみ増量） IC6CL80M,TARO'S アンテナケーブル 1M 4K8K放送(3224MHz)対応 S-4C-FB 4C同軸 地デジ・BS・CS・CATV放送対応 金メッキプラグ L型プラグ⇔F型接栓プラグ（ネジ式）ホワイト/ブラック 4CLF-01 タローズ [送料無料],IGLOO SPORT 5 GALLON ROLLERウォータークーラー アウトドア イグルー クーラーボックスウォータージャグ 18.9L　ドリンククーラースポーツローラー 5ガロン【smtb-ms】0592231
絵画 インテリア 額入り 壁掛け複製油絵ジャン＝フランソワ・ミレー パンを焼く女 F15サイズ F15号 652x530mm 油彩画 複製画 選べる額縁 選べるサイズ,,メカニカルキーボード メカニカル テンキー付き バックライト搭載 青軸 赤軸 PS4対応 ゲーミングキーボード ロープロファイルスイッチ Nキーロールオーバー,新モデル 新品 在庫あり Nintendo Switch ニンテンドースイッチ Joy-Con L ネオンブルー R ネオンレッド HAD-S-KABAA,"【Switch用追加コンテンツ】大乱闘スマッシュブラザーズ SPECIAL ファイターパス Vol. 2 （ダウンロード版）※2,000ポイントまでご利用可",【送料無料】扇風機 おしゃれ スリム タワー リモコン 縦型 タワー型 リビング タワーファン タワー扇風機 リビングファン リビング扇風機 スリムファン 風量3段階 送風機 冷風 左右首振 首振り 節電 省エネ 送料無料,◆最大1000円引クーポンあり10/14 9:59迄★送料無料★最安値挑戦★国内正規品◆ シュウウエムラ ハイパフォーマンス クレンジング オイル アドバンスト クラシック 450mL 　☆{ shuuemura サロン専売品 ☆☆,スターウォーズ ビークルマグネット [2個セット] | [送料無料] サンスター文具 ミレニアム・ファルコン Xウィング・ファイター STAR WARS ビークル モデル 最後のジェダイ スカイウォーカーの夜明け,SH-M11-W(SENSE3+) SHARP（シャープ） AQUOS sense3 plus SH-M11（ホワイト）- SIMフリースマートフォン [6インチ(IGZO) / メモリ 6GB / ストレージ 128GB],EPSON （純正）インクカートリッジ（増量6色パック） KUI−6CL−L,TARO'S アンテナケーブル 4K8K放送(3224MHz)対応 S-4C-FB 4C同軸 地デジ・BS・CS・CATV放送対応 金メッキプラグ F型接栓プラグ（ネジ式）⇔F型接栓プラグ（ネジ式） 1M ホワイト 4CFF-01WH エコ簡易パッケージ [送料無料],Rubbermaid&HOME DEPOT Water Cooler Logo 5Gallon ホームデポ ウォータークーラー 5ガロン ラバーメイド アメリカ クーラーBOX
絵画 インテリア 額入り 壁掛け複製油絵ジャン＝フランソワ・ミレー パンを焼く女 F20サイズ F20号 727x606mm 絵画 インテリア 額入り 壁掛け 油絵,,エレコム 2.4GHzワイヤレスフルキーボード&マウス TK-FDM063BK 【あす楽】,Nintendo Switch 本体 JOY-CON(L) ネオンブルー/(R) ネオンレッド 任天堂 ニンテンドースイッチ ■◇ HAD-S-KABAA 新型モデル,【洲本店】Nintendo Switch 大乱闘スマッシュブラザーズSPECIAL【中古】※美品,扇風機 携帯 手持ち USB 充電 3段階 風量 調節 2WAY 羽根無し 扇風機 卓上 スタンド付き 携帯扇風機 ハンディ 持ち歩き 静音 おしゃれ コンパクト 涼しい 自転車の九蔵 在庫あり あす楽,マイルドクレンジング オイル 1本 【ファンケル 公式】 [クレンジング マイクレ 送料無料 無添加 毛穴 FANCL マイルドクレンジングオイル クレンジングオイル オイルクレンジング メイク落とし 基礎化粧品 スキンケア メーク落とし 無添加化粧品 化粧落とし],スター・ウォーズ／フォースの覚醒 MovieNEX [ ハリソン・フォード ],MAR-LX2J-WH HUAWEI（ファーウェイ） P30 lite パールホワイト [6.15インチ / メモリ 4GB / ストレージ 64GB],エプソン　EPSON PX-105 インクジェットプリンター [L判〜A4][ハガキ 年賀状 印刷 プリンタ PX105],DXアンテナ アンテナケーブル 5C 同軸ケーブル 2k 4k 8k 対応 両端未加工 ホワイト 20m S5CFB20SP ◆宅,IGLOO SPORT 5 GALLON ROLLERウォータークーラー アウトドア イグルー クーラーボックスウォータージャグ 18.9L　ドリンククーラースポーツローラー 5ガロン【smtb-ms】0592231
油絵 油彩画 絵画 複製画 ジャン＝フランソワ・ミレー パンを焼く女 F10サイズ F10号 530x455mm すぐに飾れる豪華額縁付きキャンバス,,キーボード ゲーミングキーボード 有線 106キー日本語配列 25キー防衝突 PC用キーボード RGB1680万色 6種類LED色変え 仕事用/ゲーム用 防水仕様 Windows/Mac OS対応 日本語説明書付き【一年間品質保証】,【即日発送】【新品未開封】NintendoSwitch Joy-Con(L)/(R) グレー 【2019年8月発売モデル】HAC-S-KAAAA 任天堂 ニンテンドー スイッチ本体 ゲーム ゲーム機 おもちゃ 本体 最新 Nintendo Switch,【Switch】大乱闘スマッシュブラザーズ SPECIAL　あす楽対応,扇風機 ハンディ ファン ハンディーファン ポータブルファン 一人暮らし 羽根 なし 便利 ハンディ扇風機 羽根なし 卓上 卓上扇風機 扇風機ハンディ 羽根なし扇風機 羽なし扇風機 扇風機手持ち ハンディー 羽なし 携帯 羽無し usb コンパクト トイレ elc22 【P】[□],【送料無料】クリニーク テイク ザ デイ オフ クレンジング バーム【CLINIQUE】（メイク落とし 化粧落とし）（ギフト）,(在庫有り)スター・ウォーズ THE BLACK　シリーズ　HOTH WAMPA　6インチ　フィギュアグローバルコンベンションEXCLUSIVE 2020,★サムスン Galaxy S10 楽天モバイル SIMフリー [プリズム ブルー] 【スマートフォン】【送料無料】,【ネコポス便発送】EPSON純正品　IC6CL70L　6色パック 増量,アンテナケーブル 同軸ケーブル 1.5m/3m 4K8K対応 S-4C-FB 地デジ 地上デジタル BS CS TV テレビ S+L型 メール便送料無料 ycm3,【20％割引 送料無料】［キャプテン スタッグ］ウォータージャグ　ウォータークーラーPM-578L タンク 【あす楽】サマーセール保冷・保温
ジャン＝フランソワ・ミレー パンを焼く女 F30サイズ F30号 910x727mm 送料無料　 額縁付絵画 インテリア 額入り 壁掛け複製油絵ジャン＝フランソワ・ミレー,,エレコム プレミアムメンブレン キーボード 有線 USBハブ搭載 フル キーボード TK-FCM094HBK,Nintendo Switch [グレー] 2019年8月新モデル【新品】任天堂 ニンテンドー スイッチ,Nintendo Switch 大乱闘スマッシュブラザーズ SPECIAL[任天堂]【送料無料】《発売済・在庫品》,羽なし扇風機 ハンディファン ブレードレスデスクファン 扇風機 ミニ扇風機 小型ファン USB充電 羽なし扇風機 羽根なし扇風機 卓上 スタンド機能 ハンディ 2Way 風量調節 携帯扇風機 持ち運べる 充電式 送料無料 お宝プライス ###羽無し扇風機X9S###,SK-2 / SK-II（エスケーツー）フェイシャル トリートメント クレンジング ジェル 80g｜正規品 送料無料 sk2 ピテラ マックスファクター 化粧品 コスメ クレンジングジェル スキンケア ギフト 妻 女性 彼女 公式 skii sk ii 洗顔料 30代 エスケーツー プレゼント 洗顔,スター・ウォーズ／最後のジェダイ MovieNEX [ マーク・ハミル ],シャープ SH-M12S AQUOS sense3 シルバーホワイト SIMフリースマートフォン,IC6CL80 エプソン インクカートリッジ 6色パック,"アンテナケーブル 同軸ケーブル 5m（fl , sl） 4K8K対応 S-4C-FB 地デジ 地上デジタル BS CS TV テレビ メール便送料無料 ycm3",東芝 調理家電 MF-30P3 [調理家電種類：ウォータークーラー] 【楽天】 【人気】 【売れ筋】【価格】
ヨーグルト酵母でパンを焼く。　自然発酵種「るヴぁん」でもっと味わい深いパンを！／堀田誠／レシピ【1000円以上送料無料】,,エレコム　ELECOM TK-FDM106MBK 無線キーボード・マウス ブラック [USB /ワイヤレス][TKFDM106MBK],あす楽即納　【新品 印無し】 Nintendo Switch HAD-S-KABAA [ネオンブルー・ネオンレッド] 2019年8月新モデル 任天堂 ニンテンドー スイッチ,"【Switch用追加コンテンツ】大乱闘スマッシュブラザーズ SPECIAL ファイターパス （ダウンロード版）　※1,000ポイントまでご利用可",JISU正規代理店「在庫セール」4000mAh大容量 羽根なし扇風機 ネッククーラー 扇風機 首かけ ポータブル扇風機 羽なし ネックファン 静音 軽量 羽根なしポータブル 熱中症対策 髪の毛巻き込み防止,【あす楽対応】【店内P最大16倍以上&300pt開催】【DHC直販】 DHC薬用ディープクレンジングオイル（L）200mL|dhc ディーエイチシー 化粧品 クレンジングオイル クレンジング オイル オイルクレンジング 毛穴 メイク落とし 化粧落とし オリーブバージンオイル まつエク 顔 角質,スターウォーズ R2-D2 ネーム印 ネーム印付き 送料無料 サンスター ネーム印立て 印鑑 グッズ サンビー 事務 クイック10 ネーム 限定 玄関 r2d2 R2D2 デスク star wars ドロイド 最後のジェダイ レイア姫 ネーム印 エピソード 付属 フルネーム スカイウォーカーの夜明け,YAL-L21-GR(NOVA5T) HUAWEI（ファーウェイ） nova 5T クラッシュグリーン [6.26インチ / メモリ 8GB / ストレージ 128GB]SIMフリースマートフォン,エプソン　EPSON　「純正」インクカートリッジ　RDH‐4CL,アンテナケーブル 0.5m (50cm) 4K / 8K / 地デジ / BS / CS 対応 S-4C-FB 高品質 【同軸ケーブル テレビ ケーブル コード テレビコード テレビ線】【メール便専用】,西山工業 西山工業 水道直結床置ウォータークーラー【水道直結式】【洗浄方式自動洗浄】 MF-D51P2
「バーミキュラ」でパンを焼く　パリパリ、しっとり、失敗知らず／高橋雅子／レシピ【1000円以上送料無料】,,エレコム カチャカチャしない 静音 キーボード 有線 本格静音設計 フルキーボード パソコン usb ブラック TK-FCM090SBK,【あす楽、土日、祝日も発送、店舗受け取りも可】新品未使用品【Sランク】Nintendo Switch ニンテンドースイッチ 本体 新型 HAD-S-KAAAA 2019年8月発売モデル グレー 4902370542905,"[Switch] 大乱闘スマッシュブラザーズ SPECIAL （ダウンロード版） ※3,000ポイントまでご利用可",ハンディ 扇風機 羽なし 携帯扇風機 卓上 扇風機 羽なし コンパクト 扇風機 コンパクトファン ハンディー扇風機 ハンディファン ハンディ扇風機 ポータブルファン ミニ扇風機 羽根なし 扇風機 ミニ 携帯 卓上扇風機 羽無し扇風機 手持ち,【2本セット40%OFF!!送料無料!!】Mialotte（ミアロッテ）BRIGHT UP CLEANSING OIL（ブライトアップクレンジングオイル） 200ml オイル クレンジング W洗顔不要 毛穴 ケア マツエク OK くすみ 対策 潤い,【海外正規品】【送料無料 あす楽】【NIXON STAR WARS】二クソン NIXON STAR WARS スターウォーズ ブラック a346 sw2444 00,シャープ　SHARP 【防水・防塵・おサイフケータイ】AQUOS sense3 シルバーホワイト「SH-M12-S」Snapdragon 630 5.5型・メモリ/ストレージ：4GB/64GB nanoSIM x2 DSDV対応 ドコモ / au / ソフトバンク対応 SIMフリースマートフォン[スマホ 本体 新品][SHM12S],送料無料 EPSON エプソン 純正 インクカートリッジ IC6CL70L 6色セット 増量タイプ_4988617143692_81,アンテナケーブル 5m (500cm) 4K / 8K/ 地デジ / BS / CS 対応 同軸 テレビ ケーブル S-4C-FB 高品質 【同軸ケーブル テレビ ケーブル コード テレビコード】【メール便専用】,西山工業 西山工業 水道直結床置ウォータークーラー【水道直結式】【洗浄方式手動】 MF-51P2
月を見てパンを焼く / 塚本久美 【本】,,ロジクール MK245nBK MK245nWH MK240nBC ワイヤレスキーボード ワイヤレスマウス セット 無線 国内正規品 3年間無償保証,【新品】新型モデル Nintendo Switch あつまれ どうぶつの森セット HAD-S-KEAGC,【中古】大乱闘スマッシュブラザーズ for Wii Uソフト:WiiUソフト／任天堂キャラクター・ゲーム,ハンディファン 羽根なしブレードレスファン ハンディ 卓上 2way 風量3段階 スマホスタンド###羽無し扇風機X9S###,【クーポンでMAX15％OFF】クレンジング メイク落とし メイクオフ お試し 毛穴　洗顔　化粧落とし 蒟蒻ボール マンナン コロコロ くすみ 角質 持ち運び お試し チューブ プレゼント 日本製［プリュ アミノ モイスチュア クレンジングジェル（100g：チューブタイプ）］[通][T1],【STAR WARS】スター・ウォーズ 踊るように掃除をしてくれるロボットクリーナー 「BB−8」 ◇ 家電 生活家電 リビング 女性 ◇,シャープ AQUOS sense3 SH-M12(ブラック) 4GB/64GB SIMフリー,インク エプソン EPSON IC6CL70L(増量) 6色セット対応 ジット リサイクルインク カートリッジ さくらんぼ JIT-E70L6P 【DEAL1217】【送料無料】,アンテナケーブル 1.5m (150cm) 4K / 8K /地デジ / BS / CS 対応 S-4C-FB 高品質 【同軸ケーブル テレビ ケーブル コード テレビコード 1m】【メール便専用】,西山工業 西山工業 水道直結床置ウォータークーラー【水道直結式】【洗浄方式手動】 MF-51P2
楽健寺酵母でパンを焼く りんご＋にんじん＋長いも＋ごはんで天然酵母 [ 山内宥厳 ],,エレコム ワイヤレスキーボード メンブレン式 1000万回高耐久 ブラック 【PlayStation4 / 3対応】TK-FDM063TBK 2.4GHzワイヤレスフルキーボード TK-FDM063TBK 【あす楽】 ELECOM,新G【新モデル】新型Nintendo Switch Joy-Con(L)/(R)グレー【2019年8月発売モデル】【バッテリー持続時間が長くなったモデル】任天堂 HAD-S-KAAAA 4902370542905,新N【新モデル】新型Nintendo Switch Joy-Con(L) ネオンブルー/(R) ネオンレッド【2019年8月発売モデル】【バッテリー持続時間が長くなったモデル】任天堂 4902370542912 HAD-S-KABAA,ハンディ 扇風機 ハンディ 羽根なし 扇風機 ミニ扇風機 ハンディ 扇風機 ハンディー扇風機 USB 羽なし 携帯扇風機 卓上扇風機 ポータブル ハンディーファン ハンディファン コンパクトファン 羽なしハンディファン 卓上 手持ち elc022 【P】[□],楽天1位 ジェニアル ホットクレンジングゲル 150g ジェル ダブル洗顔不要 マツエクもOK Jenial 化粧落とし 無添加,スターウォーズ R2-D2 ネーム印スタンド ( シャチハタ 印鑑 しゃちはた かわいい キャラクター グッズ ハンコ 印鑑ホルダー はんこ サンビー ネーム9 限定 事務 ネーム印 判子 ネーム 印鑑スタンド クイック10 可愛い R2D2 クイック スター・ウォーズ 名前印 玄関 スタンド ),シャープ SHARP AQUOS sense3 plus SH-M11(ブラック) 6GB/128GB SIMフリー SHM11X7B,エプソン　EPSON IC4CL62 純正プリンターインク ビジネスインクジェット 4色パック[IC4CL62]【rb_pcp】,4K 8K 対応 アンテナケーブル 20cm / 4C / ネジ式10MHz-3224MHz Hi-Qケーブル 分配器 分波器 用テレビ ケーブル 高性能金メッキ仕様ネコポス送料無料,日立 日立　ウォータークーラー　冷水専用　水道直結式　卓上形 52.7 x 38 x 61.3 cm RW-145P 1
楽健寺酵母でパンを焼く りんご+にんじん+長いも+ごはんで天然酵母 / 山内宥厳 【本】,,エレコム ワイヤレスコンパクトキーボード／パンタグラフ式／ホワイト TK−FDP099TWH,【あす楽、土日、祝日も発送、店舗受け取りも可】新品未使用品【Sランク】Nintendo Switch ニンテンドースイッチ 本体 新型 HAD-S-KABAA 2019年8月発売モデル ネオンブルー・ネオンレッド 4902370542912,"[Switch] 大乱闘スマッシュブラザーズ SPECIAL ＋ ファイターパス セット （ダウンロード版） ※3,000ポイントまでご利用可",【2020最新羽根なし扇風機】扇風機 首かけ 羽なし ネッククーラー 首掛け扇風機 携帯扇風機 ミニ扇風機 usb充電式 静音 風量三段階調節 軽量 首かけ 扇風機 熱中症 暑さ対策 sale,プラスリストア クレンジングソープ泡ホームケア詰替用 500mL[ 敏感肌 / メイク落とし / 洗顔料 / 無香料 / 無着色 / キレート成分配合 / PLUSRESTORE ]【おすすめ】,スター・ウォーズ学習帳【4冊までメール便可】,SH-M12-S SHARP（シャープ） AQUOS sense3 SH-M12（シルバーホワイト）- SIMフリースマートフォン [5.5インチ(IGZO) / メモリ 4GB / ストレージ 64GB],エプソン　EPSON　インクジェット複合機「Colorio（カラリオ）」［L判〜A4対応／USB2．0／無線LAN］　EW−052A　ホワイト,アンテナケーブル 極細 3m 4K対応 8K対応 地デジ BS CS S2.5C 片側L字 アンテナコード ブラック 黒色 テレビ,【お取り寄せ商品】【送料無料】PANASONIC パナソニック 業務用 ウォータークーラー 水道直結式の冷水専用型 SD-P105 SDP105
【中古】もっとおいしいパンを焼く　主婦の友生活シリーズ / 竹野豊子,,ロジクール キーボード k120 K120,Nintendo Switch Lite TURQUOISE ターコイズ　ニンテンドースイッチ　本体　任天堂【ラッピング対応可】,【中古】 大乱闘スマッシュブラザーズ　SPECIAL ／NintendoSwitch 【中古】afb,扇風機 おしゃれ スリム タワー dc リモコン 縦型 タワー型 dcモーター リビング タワーファン タワー扇風機 リビングファン リビング扇風機 スリムファン リモコン付き 首振り 節電 省エネ ＆DECO アンドデコ,【全品共通10％クーポンあり】DUO デュオ ザ クレンジングバーム ホワイト＜D.U.O.／デュオ＞【正規品】【ギフト対応可】,【公式】アディダス adidas バスケットボール Dame Star Wars オーラベッシュ パーカー / Dame Star Wars Aurebesh Hoodie レディース メンズ ウェア トップス スウェット 黒 ブラック FN3235,HUAWEI　ファーウェイ nova 5T ブラック「NOVA5TBLACK」6.26型 メモリ/ストレージ：8GB/128GB nanoSIM x2 DSDV対応 ドコモ/ソフトバンク対応 SIMフリースマートフォン[スマホ 新品 本体],エプソン IC6CL70M 【純正】インクカートリッジ（6色パック・ブラックのみ増量）,"【2000円OFFクーポン配布中】テレビ 40型 液晶テレビ メーカー1,000日保証 フルハイビジョン 40V 40インチ BS・CS 外付けHDD録画機能 ダブルチューナー maxzen マクスゼン J40SK03",西山工業 西山工業 水道直結卓上ウォータークーラー【水道直結式】 MF-30P3
「バーミキュラ」でパンを焼く パリパリ、しっとり、失敗知らず / 高橋雅子 【本】,,USBキーボード（ブラック） SKB-L1UBK,任天堂　Nintendo あつまれ　どうぶつの森[ニンテンドースイッチ ソフト]【Switch】,【中古】 大乱闘スマッシュブラザーズ　for　WiiU ／WiiU 【中古】afb,羽なし扇風機 ハンディファン ブレードレスデスクファン 扇風機 ミニ扇風機 小型ファン USB充電 羽なし扇風機 羽根なし扇風機 卓上 スタンド機能 ハンディ 2Way 風量調節 携帯扇風機 持ち運べる 充電式 送料無料 ###扇風機USB-WYFS黒###,シュウウエムラ アルティム8∞ スブリム ビューティ クレンジング オイル 450ml 【メール便（ゆうパケット）対象外】 【あす楽_土曜営業】,【送料無料】[限定版]スター・ウォーズ コンプリート・サーガ ブルーレイコレクション〔初回生産限定〕/リーアム・ニーソン[Blu-ray]【返品種別A】,シャープ SH-M11-A SIMフリースマホ AQUOS sense3 plus 128GB ムーンブルー,MUG-BK×2PK (顔料ブラック2本セット) MUG マグカップ エプソン EPSON用 互換インクカートリッジ EPSON EW-452A EW-052A用 ICチップ付き【インク革命】,[1m][R]4K8K放送対応/極細S-2.5C-FBアンテナケーブル/両側F型コネクタ(接栓ネジタイプ)ホワイト金メッキ FNT-2CNN-GW10/FNT2CNNGW10,西山工業 西山工業 水道直結床置ウォータークーラー【水道直結式】【洗浄方式自動洗浄】 MF-D51P2
ヨーグルト酵母でパンを焼く。 自然発酵種「るう゛ぁん」でもっと味わい深いパンを! / 堀田誠 【本】,,メカニカル キーボード コンパクト 薄型 有線 usb 静音 ゲーミングキーボード テンキーなし テンキーレス 青軸 赤軸 PC パソコン ゲーム 作業 日本語配列 LEDバックライト 光る,【新品】任天堂 Nintendo Switch Lite ターコイズ HDH-S-BAZAA,大乱闘スマッシュブラザーズ SPECIAL　オフィシャルガイド [ 電撃ゲーム書籍編集部 ],羽根なし 扇風機 chrester クレスター 空気清浄機能付 ツインエアーファン COOL-Q-001 ホワイト ブラック タワーファン DCモーター タイマー 首振り リモコン付 タッチパネル 涼風器 花粉 ホコリ おしゃれ,ラロッシュポゼ ミセラークレンジングジェル 195ml 【 メイク落とし 敏感肌 】【コンビニ受取可】,スター・ウォーズ エピソード6/ジェダイの帰還(数量限定生産)【Blu-ray】 [ マーク・ハミル ],いちばんやさしいスマートフォン超入門　Android対応 [ 原田和也 ],IC6CL70L EPSON（エプソン）純正インク 6色パック 増量【送料無料（一部地域除く）】,HAT10-914SS HORIC アンテナケーブル S-4C-FB同軸 1m ホワイト BS/CS/地デジ/新4K8K衛星放送対応 両側F型ネジ式コネクタ ストレート/ストレートタイプ 【ホーリック】【送料無料】,【楽天ランキング入賞】【20％割引 送料無料】【台数限定品】［キャプテン スタッグ］ウォータージャグ　ウォータークーラー 10L PM-5034 大型 タンク サマーセール
ヨーグルト酵母でパンを焼く。 自然発酵種「る?ぁん」でもっと味わい深いパンを! [ 堀田　誠 ],,Android対応　無線 デザイン　マウス キーボード セット パソコン PC 周辺機器 無線 USB ワイヤレス コードレス　スタイリッシュ　スリム　TEC-CYBERBDNEW,【新品】Nintendo Switch ニンテンドースイッチ リングフィット,大乱闘スマッシュブラザーズ SPECIAL,再入荷！スリムタワーファン 新デザインタワー扇風機/省エネ静音省スペース　羽根なし扇風機タワーリビング扇風機 省エネ節電 人気ランキング 人気　ファショナブル 節電 ランキング おしゃれ サーキュレーター,ポイント10倍 3980円 送料無料 レステモ クレンジングオイル 大容量 480ml プロサイズ シルク姉 考案 クレンジング 化粧落とし 毛穴 汚れも しっかりメイクも オイル で包んで落とす スキンケア 無添加 だから デリケート肌 敏感肌 にも オリーブオイル 無着色 ノンパラベン,〈STAR WARS〉　4000mAh リチウムイオンポリマー充電器 2.1A,UMIDIGI A7 SIMフリースマートフォン 本体 国内版 6.49インチ大型画面|AI クアッドカメラ|オクタコア64ビット|4150mAh大型バッテリー|Andoroid10|4G LTE 2回線同時待受,インクジェットプリンター用 インクカートリッジ/サツマイモ（6色パック）,TARO'S ケーブル付きアンテナ分波器+アンテナケーブル 2m のセット [BS/CS/地デジ/CATV対応セパレーター ホワイト 出力側ケーブル一体型 50cm 2.5CFB 2重シールド + L型⇔F型 アンテナケーブル] TS-ABH05WH-LF2SET [送料無料],西山工業 西山工業 水道直結卓上ウォータークーラー【水道直結式】 MF-30P3
月を見てパンを焼く 丹波の山奥に5年先まで予約の取れないパン屋が生まれ [ 塚本久美 ],,【サンワサプライ SANWA SUPPLY】USB【キーボード】(ブラック) 製品型番：SKB-L1UBK,・【新品未開封】Nintendo Switch HAD-S-KABAA JOY-CON(L) ネオンブルー/(R) ネオンレッド [HADSKABAAネオン本体]【2019年8月発売モデル】【KK9N0D18P】,【中古】大乱闘スマッシュブラザーズ for ニンテンドー3DSソフト:ニンテンドー3DSソフト／任天堂キャラクター・ゲーム,【中古】M▽dyson ダイソン エアーマルチプライヤー 扇風機 羽根なし扇風機 30cm AM01 (17208),【公式】アルティム8∞ クレンジング オイル 450mL ベストセラーキット/ shu uemura シュウウエムラ 正規品,iPhone11 ディズニー スターウォーズ スクエア 耐衝撃 ガラス ケース カバー ハイブリッド ソフトケース ハード ハードケース キャラクター グッズ ダースベイダー BB-8 bb8 6.1inch iphone 11 アイフォン イレブン アイフォンイレブン スマホカバー スマホケース s-pg_7c359,揺れない ランニングポーチ 防水 軽量 スマホ バッグ 反射素材 イヤホンホール(ブラック),エプソン インクカートリッジ IC6CL70L [6色セット]（増量タイプ）,アンテナケーブル 同軸ケーブル 1.5m 4K8K対応 S-4C-FB 地デジ 地上デジタル BS CS TV テレビ F+F型 メール便送料無料 ycm3,【法人向限定】【代引き不可】☆ナカトミ　NWC-F30C　冷水専用ウォータークーラー　水道直結式　床置形　100V　50/60Hz　【車上渡し】
【中古】 おいしくて安全　国産小麦でパンを焼く ／農文協【編】 【中古】afb,,ゲーミングキーボード 有線 106キー日本語配列 25キー防衝突 PC用キーボード RGB1680万色 6種類LED色変え 仕事用/ゲーム用 防水仕様 Windows/Mac OS対応 日本語説明書付き【一年間品質保証】,Nintendo Switch Lite GRAY グレー ニンテンドースイッチ 本体 任天堂 [ラッピング対応可]MZK,【送料無料】【中古】3DS ニンテンドー3DS LL Newニンテンドー3DS LL 大乱闘スマッシュブラザーズ エディション 本体 任天堂,DMWD リモコン付き電動羽根なし扇風機 空気清浄 超静音 床置き 最高品質 予約機能1-9H,reparte レパルテ まつエク 美容クレンジングジェル 大容量ボトル300g オイルフリー 毛穴汚れ 黒ずみ スキンケア | クレンジング メイク落とし ジェル 化粧落とし マツエク 基礎化粧品 コスメ まつげエクステ ジェルクレンジング,スター・ウォーズ エピソード1/ファントム・メナス(数量限定生産)【Blu-ray】 [ リーアム・ニーソン ],HUAWEI　ファーウェイ HUAWEI P30 lite Midnight Black「51093NRR」Kirin 710 6.15型ワイド メモリ/ストレージ：4GB/64GB nano SIM x2 DSDV対応 ドコモ/au/ソフトバンク対応 SIMフリースマートフォン[スマホ シムフリー 本体 新品 ミッドナイトブラック],エプソン/インクカートリッジ 6色パック/IC6CL70,【ゆうパケット/ネコポス便発送 送料無料】アンテナケーブル S-4C-FB 4C同軸 4K8K対応 地デジ・BS・CS放送対応 ホワイト L型プラグ⇔ストレートプラグ 3M 4CFB-LS3WH エコ簡易パッケージ,【代引不可】東芝 調理家電 MF-D51P2 [調理家電種類：ウォータークーラー] 【楽天】 【人気】 【売れ筋】【価格】
【中古】 国産小麦でパンを焼く おいしくて安全 / 農文協 / 農山漁村文化協会 [単行本]【宅配便出荷】,,サンワサプライ USBキーボード(ブラック) SKB-L1UBK 【jan 4969887668399】,【即日発送】【新品未開封】NintendoSwitch Joy-Con(L)ネオンブルー(R)ネオンレッド　Joy-Con(L)/(R) グレー　HAC-S-KABAA 任天堂 ニンテンドー スイッチ ニンテンドースイッチ 本体　ゲーム ゲーム機 最新 Nintendo Switch,Nintendo(任天堂) 大乱闘スマッシュブラザーズ SPECIAL 【Switchゲームソフト】,首掛け 扇風機 羽なし扇風機 首かけ 2020年 新モデル 軽量 充電式 小型扇風機 ネックファン 超静音タイプ 熱中症対策グッズ 首 ネッククーラー,TIAS クレンジングジェル 1000g 大容量 業務用クレンジング 本体 化粧落としマイルド,バンダイスピリッツ 1/72 スター・ウォーズ フォースの覚醒 ファースト・オーダー タイ・ファイター プラモデル（ZP72878）,HUAWEI nova 5T／Crush Green NOVA 5T／CRUSH GREEN,エプソン　インクカートリッジ　6色パック　IC6CL80　1箱（6個：各色1個） 【送料無料】,アンテナケーブル 同軸ケーブル S-4C-FB 1.5m 【ストレート＋ストレート型】 【ストレート＋L型】 UL.YN,西山工業 西山工業 水道直結床置ウォータークーラー【水道直結式】【洗浄方式自動洗浄】 MF-D51P2
【中古】 国産小麦でパンを焼く おいしくて安全 / 農文協 / 農山漁村文化協会 [単行本]【ネコポス発送】,,【ふるさと納税】ワイヤレス キーボード OWL-BTKB7801-BKSG5826-0173 【 bluetooth 収納 無線 ipad 折りたたみ ブラック パソコン ブルートゥース 神奈川県海老名市 】,任天堂 Nintendo Switch あつまれ どうぶつの森セット【kk9n0d18p】,【中古】Wiiソフト 大乱闘スマッシュブラザーズX (状態：説明書欠品),【在庫限り特価！通常2474円→送料無料の1500円】風量3段階調整機能 2WAY 羽根無し 扇風機 卓上スタンド付き,シュウ ウエムラ アルティム8∞ スブリム ビューティ クレンジング オイル 450ml | 最安値に挑戦 shu uemura オイルクレンジング,スター・ウォーズ 反乱者たち シーズン2 コンプリート・セット【Blu-ray】 [ テイラー・グレイ ],4zip　ランニングポーチ マラソン　リフレクター　スマートフォン　ウエストバック　ジョギング 揺れない　給水ボトル　ボトルポーチ　ウエストポーチ　防水　洗濯可,エプソン IC4CL69 【純正】インクカートリッジ 4色セット インク,HAT20-920LS HORIC アンテナケーブル S-4C-FB同軸 2m ホワイト BS/CS/地デジ/新4K8K衛星放送対応 F型差込式/ネジ式コネクタ L字/ストレートタイプ 【ホーリック】【送料無料】,西山工業 西山工業 水道直結卓上ウォータークーラー【水道直結式】 MF-30P3
【中古】 めちゃおいしいパンを焼く / 竹野 豊子 / 主婦の友社 [文庫]【宅配便出荷】,,キーボード ピアノ (イス・スタンド・ヘッドフォン付き) ONETONE OTK-61S【WHは欠品・予約：10月下旬入荷予定】【楽器 演奏 子供 子供用 ピアノ 電子ピアノ キッズ プレゼントに最適 ワントーン OTK61 OTK61S ONE TONE おもちゃ】【大型】＊,[新品] 任天堂 Nintendo Switch Lite コーラル 4902370545302 ライト 本体,【中古】N3DS 大乱闘スマッシュブラザーズ　for　ニンテンドー3DS,携帯扇風機 羽なし扇風機 ハンディ ファン ミニ扇風機 羽なし 携帯ミニファン ブレードレスデスクファン usb 小型ファン USB充電 羽なし扇風機 羽がない扇風機 卓上 スタンド機能 2Way 風量調節 持ち運べる 充電式 【宅配便のみ】,クレンジング 毛穴 オーガニック ハレナ ホットクレンジング ジェル 【送料無料】 クレンジング クレンジングジェル クレンジングゲル 温感 ホット マツエク メイク落とし 温感クレンジング 毛穴 黒ずみ 除去 敏感肌 オーガニック 低刺激,スター・ウォーズ　コンプリート・サーガ　ブルーレイコレクション（初回生産限定）（Blu−ray　Disc）,スマートフォン レディース スマホケース 手帳型 全機種対応 スマホ ポーチ アームバンド ランニング ランニング ポーチiPhone5 iphone5c iPhone6s iPhone 6 Plus iPhone5s ランニングケース ウォーキング　ジョギング ポーチ ランニング,エプソン IC6CL50 【純正】プリンタインク 6色セット,アンテナケーブル 1m 白デジタル放送対応片側L型 Quick方式 アンテナケーブル【1m】S4C-FB 75Ω/ OFC 高純度銅　：金メッキ仕様　お手軽Quick式COMON(カモン) FQ-10A●片側L型●白色,ナカトミ 【個人宅不可】 ウォータークーラー(床置形)冷水専用 冷水機 NWC-F30C [A220901]
【中古】 めちゃおいしいパンを焼く / 竹野 豊子 / 主婦の友社 [文庫]【ネコポス発送】,,ロジクール 有線キーボード K120 耐水 静音設計 USB接続 テンキーあり 有線 キーボード 薄型 windows 国内正規品 3年間無償保証,Nintendo Switch JOY-CON(L) ネオンブルー/(R) ネオンレッド,【中古】N3DS 大乱闘スマッシュブラザーズ　for　ニンテンドー3DS,羽無し扇風機 卓上型 サーキュレーター スポット空調 エコ 節電 ファン無し 子供が触っても安心 コンパクト リビング扇風機 空気ファ12V 強力な風量 2段階風力調節,ソフィーナ 乾燥肌のための美容液メイク落とし オイル(200ml)【ソフィーナ(SOFINA)】[クレンジング メイク落とし オイルクレンジング],Star Wars ジェダイ：フォールン・オーダー,今すぐ使えるかんたんEx　Androidアプリ　厳選BESTセレクション　［スマートフォン&タブレット対応］ [ 田中拓也、永田一八、朝岳健二 ],エプソン　EPSON　インクカートリッジ　（増量ライトマゼンタ）　ICLM80L,HAT50-109LPWH/HAT50-110LPBK HORIC 極細アンテナケーブル S-2.5C-FB同軸 5m BS/CS/地デジ/新4K8K衛星放送対応 両側F型差込式コネクタ L字/ストレートタイプ 【ホーリック】【送料無料】,Panasonic パナソニック(旧サンヨー) ウォータークーラー SD-P105 業務用 業務用冷水器 冷水器
【中古】見習い錬金術師はパンを焼く のんびり採取と森の工房生活 1 /フロンティアワ-クス/織部ソマリ (単行本（ソフトカバー）),,ロジクール アドバンスド ワイヤレスキーボード KX800 MX KEYS 充電式 bluetooth Unifying Windows Mac FLOW ワイヤレス 無線 キーボード 国内正規品 2年間無償保証,【楽天1位獲得】液晶保護シート付き Nintendo Switch ケース 耐衝撃 Nintendo Switch Lite 収納ケース ニンテンドースイッチ カバー ポーチ ポータブル EVAポーチ ニンテンドースイッチライト ケース ゲームカード最大8枚収納可能 キャリングケース プレゼント,Nintendo Switch 大乱闘スマッシュブラザーズ SPECIALセット[同梱ダウンロード版ソフト引換期限:2019年4月15日まで],羽なし 扇風機 ハンディファン ブレードレスデスクファン HORN ハンディ 角あり usb 充電式 ミニ扇風機 LEDライト 小型ファン 羽なし扇風機 羽がない扇風機 卓上 スタンド 2Way 携帯扇風機 コンパクト 熱中症対策 人気 【宅配便のみ】,クレンジングオイル メイク落としオルナ オーガニック 「お風呂場で 使える 化粧落とし 洗顔料 」「 コラーゲン ヒアルロン酸 ビタミンC誘導体 配合 」200ml ALLNA ORGANIC,タカラトミー(TAKARA TOMY) メタコレ スター・ウォーズ スペシャルセット 全15種,【特価】携帯充電器 AC充電器 スマホ Android対応 スリムボディ 1.5mコード ピンク OKWAC-SP81P ゆうメール 送料無料 新生活 ホームオフィス,ITH-6CL 6個自由選択 メール便 送料無料 エプソン 用 互換 インク あす楽 対応 (ITH ITH-BK ITH-C ITH-M ITH-Y ITH-LC ITH-LM ITHBK ITHC ITHM ITHY ITHLC ITHLM EP-710A EP-711A EP-709A EP-810AB EP-811AW EP-811AB EP-810AW EP710A EP711A EP709A EP810AB EP811AW),アンテナケーブル 極細 5m 4K対応 8K対応 地デジ BS CS S2.5C 片側L字 アンテナコード ブラック 黒色 テレビ,【送料無料】18-8クールタンク DS-12C_約13リットル ステンレス 保冷 冷水クーラー ウォータークーラー 業務用 _ST0038
白神こだま酵母でパンを焼く 国産小麦がふんわりやわらか / 大塚せつ子 【本】,,【送料無料】父の日　プレゼント最適　ギフト　HKW タイプライター風メカニカルキーボード キーボード 青軸 JIS規格 109キー USB有線 日本語キーボード【シルバー】,Nintendo Switch Lite ザシアン・ザマゼンタ ニンテンドースイッチライト 本体 ポケモン Pokemon 任天堂 [HDH-S-GBZAA] [ラッピング対応可],64 ニンテンドー64 本体 すぐ遊べるセット ソフト付き(スマブラ64) グレーコントローラー1点 Nintendo64【中古】送料無料,2020年進化版 首掛け扇風機 羽根なし 2000mAh　超大容量　首かけ　扇風機 羽根なし 扇風機 ポータブル 扇風機 ハンディ 日携帯扇風機 ハンズフリー 小型　ファン USB扇風機 熱中症対策 静音 USB充電式 オフィス 室外 おしゃれ,クレンジングオイル 毛穴 大容量 W洗顔不用【オールインワン クレンジングオイル ONE 300ml】送料無料 クレンジング オイル 毛穴 無添加 メイク落とし 化粧落とし 保湿 ブースター ボタニカル ピーリング 角質 毛穴ケア ホホバオイル 美容オイル／ロロシューン Loro Schon,【数量限定!!特別価格】　【送料無料】　スター・ウォーズ サウンドビークル ミレニアム・ファルコン　決算,【Type-C 急速充電ケーブル 1.8m】 新型携帯用充電ケーブル USB 2.0 急速充電対応 データー通信対応 高品質 変換 typec type c タイプc 充電器 スマホ 充電コード USBケーブル Android アンドロイド 高耐久 メッシュケーブル パソコン充電　0.3m 0.9m 1.8m 3m,【メール便送料無料】EPSON IC50 6本自由選択 エプソン インク IC6CL50 ICBK50 PM-A840 EP-702A EP-704A EP-803A EP-705A EP-802A EP-302 EP-803AW EP-774A EP-801A EP-704 EP-804A EP-901A EP-902A EP-904A インクカートリッジ 互換インク,アンテナケーブル 同軸ケーブル 5m 4K8K対応 S-4C-FB 地デジ 地上デジタル BS CS TV テレビ F+F型 メール便送料無料 ycm3,SA18-8温冷水クーラー 10L【 ウォータークーラー 】 【厨房館】
送料無料【中古】白神こだま酵母でパンを焼く—国産小麦がふんわりやわらか 大塚 せつ子,,エレコム 有線薄型フルキーボード 有線 薄型 フル キーボード メンブレン式 フルサイズ ブラック TK-FCM108BK,Nintendo Switch Lite イエロー　任天堂　ニンテンドースイッチライト 本体　HDHSYAZAA■◇ おうち時間 2019年9月新モデル,スマブラ最強バトルガイド (究極ゲーム攻略全書 VOL.6) 【総力特集】スマブラSPECIAL最強バトルガイド [ カゲキヨ ],「最新モデル」首掛け扇風機 両手解放 羽根なし 扇風機 首かけ 3段階風量 ネックファン ポータブル扇風機 USB充電式　調節 扇風機 首掛け 羽なし ネッククーラー 携帯 小型 静音 涼感 ハンズフリー 快適装着 高品質 首かけ プレゼント おしゃれ,＼NEW／祝!!デイリー総合1位!!9/17発売日当日にランクイン!!99％美容液ホットクレンジング メイク落とし 新製品 アウナ 99％美容液でメイクを落とす！9の無添加 防腐剤＆界面活性剤フリー 酵素配合 毛穴 透明感 マツエクOK W洗顔不要 ロート製薬 200g,映画「スターウォーズ」第一作目の劇場ポスターのフレームアート,Blackview A80 Android10go simフリー スマホ 本体 新品 4200mAh 5MP+13MP 4Gスマホ 6.21インチ 安い スマートフォン 携帯電話 2GB+16GB 格安 女性 ママ 父の日 プレゼント 技適認証済み 一年間保証付き,ITH-6CL インクカートリッジ イチョウ(6色パック),アンテナケーブル ( フラット ) 約0.3mF型ケーブル(メス-メス)地上/BS/CSデジタル放送対応COMON FFL両面テープ付属フラットケーブル / 忍者ケーブル フィルムケーブル / すき間ケーブル【RCP】【ポスト投函便配送】,パナソニック 卓上ウォータークーラー 水道直結式 冷水専用 SD-P105 冷水機 冷水器【送料無料】
【中古】 90分でおいしいパンを焼く / 竹野 豊子 / 講談社 [単行本]【宅配便出荷】,,ロジクール K740(ブラック) Illuminated キーボード,大乱闘スマッシュブラザーズ SPECIAL Nintendo Switch HAC-P-AAABA,【4点セット】バッテリー時間が長くなった新型Nintendo Switch 本体＋大乱闘スマッシュブラザーズSPECIAL！[本体]+[ソフト]+[充電グリップ]+[ケース]※後払い不可※スイッチ本体新型,冷感マスクプレゼント【在庫セール】TORRAS正規品 扇風機 羽無しネックファン 羽根なし扇風機 首掛け扇風機ポータブル 扇風機 首かけ 羽なし torras ポータブル扇風機 ポータブル送風機 ポータブル扇風機 羽なし ネックファン 羽根なし ネッククーラー 熱中症対策,【店内P最大20倍】【あす楽対応】ナーセリー Wクレンジングジェル グレープフルーツ 500ml （送料無料）洗顔 クレンジングジェル ナーセリー クレンジング nursery アロマオイル ナーセリー Wクレンジングジェル グレープフルーツ ナーセリー,スター・ウォーズ エピソード3/シスの復讐(数量限定生産)【Blu-ray】 [ ヘイデン・クリステンセン ],【新品未開封】Huawei HUAWEI P30 lite SIMフリー [ピーコックブルー] ▽▲ おうち時間 送料無料,ICY80L エプソン 純正インクカートリッジ（イエロー・増量） EPSON　とうもろこし,『メール便送料無料』地上・BSデジタル対応 フラットケーブル　0.3m　アンテナケーブル用 すき間ケーブル　3Aカンパニー　DAD-FLAT03 ドア 扉 サッシ 窓が閉まる隙間 スキマ 忍者ケーブル,EA190731F＠日立●冷・温ウォータークーラー W300×D500×H530●2009年●RW-127BH●100V●K9【専門店の安心の1ヶ月保証付】
【中古】 白神こだま酵母でパンを焼く 国産小麦がふんわりやわらか / 大塚 せつ子 / 農山漁村文化協会 [単行本（ソフトカバー）]【宅配便出荷】,,タイムリー　TIMELY TM-UKEY108BK キーボード [USB /有線][TMUKEY108BK],【Switch】大乱闘スマッシュブラザーズ SPECIAL 任天堂 [HAC-P-AAABA NSWスマブラ],任天堂 大乱闘スマッシュブラザーズ SPECIAL パッケージ版 Nintendo Switch(スマブラ)(スイッチソフト)(新品)｜4902370540734｜,羽根なし扇風機 羽無し ハンディファン ポータブル扇風機 USB 充電式 ミニ扇風機 アウトドア スタンド ハンディ 卓上 小型 軽量 手持ち 送風機 夏 おしゃれ,【送料無料!!】美容液クレンジング Rela-Cle FRH クレンジングホワイトゲル200g【口コミ】【メイク落とし】【美容液】【肌ケア】【米発酵エキス】【ハチミツ】【果実 植物】,【スターウォーズ/STAR WARS】メンズ・ルームパンツ『コミック 総柄 (GY)』 スリープパンツ・アメキャラ・映画,Androidスマートフォン便利すぎる！テクニック2020 定番モデル、格安スマホ、最新5Gまで全機種対応! [ standards ],IC6CL70L 増量 お得な6色セット×2 エプソン 用 互換 インク メール便 送料無料 あす楽 対応 (IC70L IC70 IC6CL70 ICBK70L ICC70L ICM70L ICY70L ICLC70L ICLM70L IC 70L IC 70 ICBK70 ICC70 ICM70 ICY70 ICLC70 ICLM70 EP-805A EP-706A EP-806AW EP-306 EP-805AW),アンテナケーブル(片側L型タイプ)/デジタル衛星放送対応/1m(FQ-10A),ホシザキ・星崎ウォータークーラー(卓上型)型式：AT-12WG寸法：幅300mm 奥行458mm 高さ560mm送料：無料 (メーカーより)直送保証：メーカー保証付冷水専用
【中古】 90分でおいしいパンを焼く / 竹野 豊子 / 講談社 [単行本]【ネコポス発送】,,ウルトラスリム Bluetooth ワイヤレスキーボード iOS/Android/Mac/Windows に対応 ホワイト,任天堂 Nintendo　Switchゲームソフト ゼルダの伝説　ブレス　オブ　ザ　ワイルド,大乱闘スマッシュブラザーズ SPECIAL - Switch,ハンディ 扇風機 羽なし ポータブル ミニ ファン 風力三弾切替え 熱中症対策に！ USB充電 198x35mm グリーン ブラック ホワイト/羽無し扇風機,[商品確保済!2営業日以内に出荷可能!!★] (安心の国内正規品) シュウウエムラ ブランクロマ ライト&ポリッシュ クレンジング オイル 450mL,ハン・ソロ／スター・ウォーズ・ストーリー MovieNEX(通常版) [ オールデン・エアエンライク ],Blackview A60PRO simフリー スマホ 本体 4Gスマホ 6.08インチ Android9.0 4080mAh 安い スマートフォン 技適認証済み 携帯電話 5MP+8MP 3GB+16GB 格安 一年間保証付き 父の日 プレゼント,RDH-4CL インクカートリッジ(4色パック),HAT30-921LS HORIC アンテナケーブル S-4C-FB同軸 3m ホワイト BS/CS/地デジ/新4K8K衛星放送対応 F型差込式/ネジ式コネクタ L字/ストレートタイプ 【ホーリック】【送料無料】,MF-D51P2 床置き形 冷水機 東芝 ウォータークーラー 自動洗浄 水道直結式 西山工業 業務便 代引不可 直送品 在庫限り
【中古】 白神こだま酵母でパンを焼く 国産小麦がふんわりやわらか / 大塚 せつ子 / 農山漁村文化協会 [単行本（ソフトカバー）]【ネコポス発送】,,【ふるさと納税】【Roland】MIDI キーボード　コントローラー　A-49-BK【配送不可：離島】　【雑貨・日用品】　お届け：お届けに1ヶ月以上かかる場合がございます。,【即日発送】【新品】【送料無料】Nintendo Switch Lite　イエロー グレー　ターコイズ 2019年9月新モデル　任天堂 ニンテンドー スイッチ　ライト　4色,【送料無料】【ゲームキューブコントローラー】【Nintendo Switch】【任天堂スイッチ】【Wii U】【大乱闘スマッシュブラザーズ】【スマブラ】wiiu ゲーム キューブ コントローラ GAME CUBE コントローラー PC用ゲームキューブコントローラ 人気 オススメ 便利グッズ,首掛け扇風機 羽根なし 扇風機 首かけ ネックファン ポータブル扇風機 USB充電式 3段階風量調節 扇風機 首掛け 羽なし ミニ ファン 携帯 軽量 小型 静音 涼感 両手解放 快適装着 高品質 360度 ハンディファン 首かけ ネッククーラー 敬老の日 おすすめ,ディブ オリーブ＆アルガン クレンジングオイル 500ml 3本セット [ メイク落とし オリーブオイル成分 熊野油脂 アルガンオイル オーガニック オリーブオイル 敏感肌 やさしい 乾燥肌 クレンジング 毛穴 保湿 しっとり 高保湿 うるおい 大容量 潤い ],スターウォーズ 光る靴 ダースベーダ— R2-D2 靴 スニーカー シューズ キッズ キャラクター 男の子 かっこいい かわいい ディズニー STAR WARS 1002 1004 送料無料,WIKO　ウィコ Wiko Tommy3 Plus ANTHRACITE MATTE「W-V600」5.45型 メモリ/ストレージ：2GB/16GB micro SIM ×2 DSDS対応 ドコモ/au/ソフトバンクSIM対応 SIMフリースマートフォン ブラック[スマホ 本体 新品 WV600MATTE],エプソン　EPSON LP-S6160 カラーレーザープリンター [L判〜A3][LPS6160]【プリンタ】 【メーカー直送・代金引換不可・時間指定・返品不可】,【ゆうパケット/ネコポス便発送 送料無料】アンテナケーブル S-4C-FB 4C同軸 4K8K対応 地デジ・BS・CS放送対応 ホワイト F型プラグ⇔F型プラグ 1M 4CFB-FF1WH エコ簡易パッケージ,パナソニック 卓上ウォータークーラー 水道直結式 冷水専用 SD-P105 冷水機 冷水器【送料無料】テンポス
【中古】見習い錬金術師はパンを焼く 2/ 織部ソマリ,,ロジクール ワイヤレスキーボード K380 無線 キーボード 薄型 小型 Bluetooth ワイヤレス windows mac K380BK K380BL K380RD K380OW K380RO 国内正規品 2年間無償保証,【Nintendo switch対応・PC素材】Nintendo switch カバー スイッチケース 専用カバー Joy-Conカバー 分体式 全面保護ケース 耐久性 キズ防止 衝撃吸収 着脱簡単 擦り傷防止 取り外し可能 指紋防止 可愛い,大乱闘スマッシュブラザーズ for Wii U,タワーファン 羽根無し扇風機 DCモーター 左右 首振り HT-1011WH タワー型 おしゃれ 羽なし タイマー リモコン付き スリムファン 縦型 スリムファン コンパクト ブレードレス扇風機 羽無し 涼しい リビング 寝室 タワー扇 暑さ対策 熱中症対策グッズ 【お取寄せ】,クレンジング 毛穴 無添加 【リリセッシャルクレンジングジェル 1本】,アウトレット価格 DC ディーシー シューズ 19 STARWARS GRAPHIC_4 CREW クルー プルオーバー スウェット【Mens】,ランニング ポーチ スマホ ウエストポーチ ランニング 防水 揺れない レディース メンズ ランニング ウエスト ポーチ バッグ スマホ収納 iPhone ジョギング 散歩 登山 アウトドア 防水 伸縮性 軽量 携帯便利 反射材付き 全7色,エプソン　EPSON IC6CL80M 純正プリンターインク Colorio（カラリオ） 6色パック（ブラック増量）[とうもろこし エプソン80l IC6CL80M]【rb_pcp】,HAT70-117LSWH HORIC アンテナケーブル S-4C-FB同軸 7m ホワイト BS/CS/地デジ/新4K8K衛星放送対応 F型差込式/ネジ式コネクタ L字/ストレートタイプ 【ホーリック】【送料無料】,【中古】ウォータークーラー 東芝 RWF-30P3 幅252×奥行376×高さ575 【送料別途見積】【業務用】
【中古】ライトノベルその他サイズ ≪女性向け全年齢≫ 見習い錬金術師はパンを焼く 〜のんびり採取と森の工房生活〜(2) 【中古】afb,,ロジクール　Logicool MK275 ワイヤレスキーボード・マウス Wireless Combo ブラック [USB /ワイヤレス ][MK275],【新品】【即日発送】【送料無料】Nintendo Switch Lite コーラル　ピンク 2019年9月新モデル　任天堂 ニンテンドー スイッチ　ライト　4色,【中古】 大乱闘スマッシュブラザーズDX ／任天堂(著者) 【中古】afb,【時間限定ポイントUP】【2020最新モード】【人気商品】扇風機 首かけ　羽無し扇風機 ハンズフリー 扇風機 ネックファン ハンディファン 720°回転3段階風量 ハンディ扇風機 ポータブル扇風機 持ち運び 熱中症対策 夏 便利 ウォーキング,大容量 2個セット【BANILA CO】バニラコクリーンイットゼロ クレンジングバーム オリジナル 180ml clean it zero original big size トラブルケア 洗顔 クレンザー メイク落とし 韓国コスメ,レゴ スター・ウォーズ 75276 ストームトルーパー(TM)のヘルメット【送料無料】,60代でもできる！かんたんスマートフォン入門 大きな文字と写真でわかりやすい！初めてのスマホもサ （マイウェイムック）,SAT-6CL エプソン互換（EPSON互換） SAT互換シリーズ 6色+黒2本セット 全8本 サツマイモ互換 対象機種：EP-712A / EP-812A / EP-813A / EP-713A セット内容：SAT-BK SAT-C SAT-M SAT-Y SAT-LC SAT-LM 【互換インクカートリッジ】 【ネコポスで送料無料】,4K 8K 対応 アンテナケーブル 1m [4C] ネジ式 FF10MHz-3224MHz Hi-Qケーブルアンテナケーブル ff アンテナ テレビ 接続 ネコポス送料無料,SA18-8温冷水クーラー 10L【 ウォータークーラー 】
"【中古】 見習い錬金術師はパンを焼く(2) のんびり採取と森の工房生活 アリアンローズ／織部ソマリ(著者),hi8mugi(イラスト) 【中古】afb",,BUFFALO　バッファロー BSKBU100WH キーボード ホワイト [USB /有線][BSKBU100WH],ガラスフィルム付き Nintendo Switch専用セミハードケース Nintendo Switch ケース クロス付き セミハードケース ニンテンドー スイッチ switch ガラスフィルム,【Switch用追加コンテンツ】大乱闘スマッシュブラザーズ SPECIAL パックンフラワー(ファイター)　 ※100ポイントまでご利用可,『赤ちゃんがいても安心』羽なし扇風機/ハート型/卓上型USB電源でエコ！スムーズな心地よい風/お手入れもカンタン/羽がないから小さなお子様のいるお宅も安心,純米化粧落とし クレンジングジェル(150g)【純米スキンケア】,【トリオセット スターウォーズ】食洗機対応スライド式トリオ【SW/DOODLES/TACC2】子ども用 子供用 お箸セット 携帯用箸 弁当用箸 おはし ハシ スプーン フォーク セット 使いやすい お弁当グッズ ランチグッズ 遠足 運動会 行楽 スター・ウォーズ キャラクター スケーター,異世界はスマートフォンとともに。20 （HJ NOVELS） [ 冬原パトラ ],エプソン　EPSON　インクジェット複合機「Colorio（カラリオ）」［カード・名刺〜A4対応／USB2．0／無線・有線LAN］　EP−882AW　ホワイト,TARO'S アンテナケーブル 4K8K放送(3224MHz)対応 S-4C-FB 4C同軸 地デジ・BS・CS・CATV放送対応 金メッキプラグ F型接栓プラグ（ネジ式）⇔F型接栓プラグ（ネジ式） 2M ホワイト 4CFF-02WH エコ簡易パッケージ [送料無料],Cactus Drink Dispenser カクタス ドリンク ディスペンサー・ウォータークーラー・パーティー・サボテン・アメリカ
【中古】見習い錬金術師はパンを焼く 2/ 織部ソマリ,,【1位入賞】 Bluetooth ワイヤレス キーボード タッチパッド ＋ スマホスタンド Windows Android iOS Mac アイフォン iphone keyboard コンパクト折りたたみ 軽量 薄型 ワイヤレスキーボード あす楽 ミニ iPad マウス 操作 ブラック シルバー 黒 銀,【AGC旭硝子】Nintendo Switch ガラスフィルム ブルーライトカット 任天堂 Switch用 画面 液晶保護フィルム 強化ガラス|ガラス フィルム 液晶 保護 スマホ スマートフォン 携帯 画面保護 シート シール カバー 強化ガラスフィルム 保護フィルム 液晶フィルム 画面フィルム,・人気2点セット★新品　大乱闘スマッシュブラザーズ SPECIALソフト+amiibo インクリング　宅配便のみの発送,扇風機 ブレードレス タワー型 羽根なし扇風機 スタイリッシュ 省スペース スピード切替 スリープモード,【クーポンでMAX15％OFF】クレンジング ジェル ホット 温感 温め 暖かい 毛穴 メイク落とし 日本製 化粧落とし ゲル おうち美容 おすすめ ランキング 天然 香り 癒し 黒ずみ 角栓 [プリュ ボタニカル ホット クレンジングジェル（150g）][T1][通],スター・ウォーズ ピンボール,スマホリング,エプソン　EPSON　インクジェット複合機「エコタンク搭載モデル」［L判〜A4対応／USB2．0／無線・有線LAN／FAX・ADF搭載］　EW−M670FT,4K 8K 対応 アンテナケーブル 1m L型 4C 白 ホワイト 10MHz-3224MHz Hi-Qケーブル 分配器 分波器 アンテナケーブル fl テレビ ケーブル 高性能金メッキ仕様 ネコポス送料無料,AT-12HWG ホシザキ ウォータークーラー ウォーターサーバー 温・冷切替タイプ 送料無料
◆◆見習い錬金術師はパンを焼く のんびり採取と森の工房生活 2 / 織部ソマリ／著 / フロンティアワークス,,エレコム TK-FDM092SMBK 無線静音フルキーボード&静音マウス,Nintendo Switch キャリングケース あつまれ どうぶつの森エディション 〜たぬきアロハ柄〜 （画面保護シート付き）,・人気2点セット★新品　大乱闘スマッシュブラザーズ SPECIALソフト+amiibo リドリー　　宅配便のみの発送,【ポイント5倍】ダイソン 空気清浄機 Dyson Pure Cool TP04WSN [ホワイト/シルバー] [タイプ：羽根なし扇風機 モーター種類：DCモーター] 【楽天】 【人気】 【売れ筋】【価格】,★資生堂正規取扱店　　dプログラム　エッセンスイン　クレンジングウォーター 180ml （メーク落とし）,タカラトミーアーツ スター・ウォーズ ドロイドトーク R2-D2＆BB-8 ペアセット 4904790527142 スカイウォーカーの夜明け公開記念特別セット,iT(インテリ)フォン〜脳が育つスマホケース付き〜(1個),エプソン　EPSON　インクカートリッジ　（増量イエロー）　ICY80L,[1m][R]4K8K放送対応/極細アンテナケーブル/F型プラグ（L型）-F型コネクタ(接栓ネジタイプ)ホワイト FNT-2CNL-SW10/FNT2CNLSW10,パナソニックウォータークーラー(冷温切替型タンク式)型式：SD-B185H寸法：幅300mm 奥行450mm 高さ625mm送料：無料 (メーカーより)直送保証：メーカー保証付
見習い錬金術師はパンを焼く　のんびり採取と森の工房生活　2／織部ソマリ【合計3000円以上で送料無料】,,キーボード ゲーミングキーボード 有線 106キー日本語配列 25キー防衝突 PC用キーボード RGB1680万色 6種類LED色変え 仕事用/ゲーム用 防水仕様 Windows/Mac OS対応 日本語説明書付き【一年間品質保証】,釣りスピリッツ Nintendo Switchバージョン,ゲームキューブコントローラー 接続タップ Nintendo Switch スイッチ Wiiu 大乱闘スマッシュブラザーズ 4ポート TURBO連射機能搭載,【送料無料】扇風機 ハンディ ハンディファン 羽根なし 扇風機 ミニ扇風機 ハンディー扇風機 USB 充電式 羽なし 携帯扇風機 卓上扇風機 ポータブル ハンディーファン コンパクトファン 羽なしハンディファン 卓上 手持ち 便利 熱中症 熱中症対策,【ポイント15%バック】クレンジングジェル 【フィオライズN】 180g メイク落とし ジェルクレンジング ジェル クレンジング 化粧落とし 無添加【beautyd20】,帽子 スターウォーズ STARWARS ストリートキャップ メンズ ベースボールキャップ 刺繍 ロゴ 厚盛り ダンス グッズ 黒 ブラック,世界一やさしいスマートフォン最新改訂版 今こそスマホを使おう！ （impress　mook） [ TEKIKAKU,岡嶋裕史 ],HAT10-919LS HORIC アンテナケーブル S-4C-FB同軸 1m ホワイト BS/CS/地デジ/新4K8K衛星放送対応 F型差込式/ネジ式コネクタ L字/ストレートタイプ 【ホーリック】【送料無料】,【東芝】【業務用】【中古】　ウォータークーラー　RWF-12T2◎　単相100V自社6ヶ月保証
見習い錬金術師はパンを焼く のんびり採取と森の工房生活 2,,ワイヤレスキーボード ブラック メンブレンキー 電池寿命（約400時間） Wii・PS4対応 ナノレシーバー パソコン,【5点セット】バッテリー時間が長くなったNintendo Switch 本体＋マリオカート8デラックスセット！[本体]+[ソフト]+[充電グリップ]+[ケース]+[ハンドル]※後払い不可※スイッチ本体新型,【中古】 大乱闘スマッシュブラザーズ　for　ニンテンドー3DS ／ニンテンドー3DS 【中古】afb,携帯扇風機 携帯 USBファン 羽根なし USB充電 ハンディファン USB扇風機 羽根なし扇風機 小型 コンパクト ポータブル ミニ 卓上 スタンド 安全 安心 電気 うちわ 長時間 強力 大風量 ミニファン 快適 ステイホーム 在宅 テレワーク グッズ RS-uf5-8154 卓上扇風機,ルナソル ウォータリークリアオイルクレンジング メイク落とし(200ml)【ルナソル】[クレンジング オイル],スター・ウォーズ：クローン・ウォーズ＜ファイナル・シーズン／ザ・ロスト・ミッション＞コンプリート・セット【Blu-ray】 [ マット・ランター ],スマートフォンケース スマホケース サドルレザー ブラック キャメル - レザー ハンドメイド Saddle leather Camel Black,EPSON純正インク　ICM80L　マゼンタ増量,ハイビジョンテレビ 32型 32インチ 送料無料 ハイビジョン液晶テレビ HDテレビ 高画質 直下型LEDバックライト 外付けHDD録画機能付き 地デジ BS CS SUNRIZE サンライズ,メルセデスベンツ　ウォータークーラー ラジエーター　BEHR HELLA製　Sクラスクーペ W217　S500 S560　0995003203
"【中古】 見習い錬金術師はパンを焼く(2) のんびり採取と森の工房生活 アリアンローズ／織部ソマリ(著者),hi8mugi(イラスト) 【中古】afb",,エレコム　ELECOM TK-FCP097BK キーボード　コンパクト ブラック [USB /有線][TKFCP097BK],任天堂　マリオカート8 デラックス　Nintendo Switch　HAC-P-AABPA,大乱闘スマッシュブラザーズDX NINTENDO GAMECUBE　新品,羽根なしスリムファン ブレードレス扇風機 タワー型 羽根なし扇風機,【公式 マキアレイベル】 クリアエステ クレンジング(リキッド)詰替用 ｜ メイク落とし メイク落とし洗顔 泡 クレンジング クレンジングオイル クレンジングリキッド クレンジングミルク スキンケア macchialabel マキアレーベル 洗顔 洗顔料 化粧落とし,【中古】 スター・ウォーズ　コンプリート・サーガ　ブルーレイコレクション（初回生産限定）（Blu−ray　Disc） ／（洋画） 【中古】afb,ハンディーポッド モバイルプラス JB01564-BWW [JOBY 公式アウトレット スマホ用三脚 スマホ対応 iphone　アイフォン Bluetooth リモコンシャッター付属 自撮り ジョビー],EPSON純正インク　ICC80L　シアン増量,HAT70-111LPWH/HAT70-112LPBK HORIC 極細アンテナケーブル S-2.5C-FB同軸 7m BS/CS/地デジ/新4K8K衛星放送対応 両側F型差込式コネクタ L字/ストレートタイプ 【ホーリック】【送料無料】,西山工業 冷水機 ウォータークーラー 3L 水道直結卓上 MF-30P3【/srm】【KK9N0D18P】
【中古】見習い錬金術師はパンを焼く 2/ 織部ソマリ,,バッファロー 有線キーボード「USB」　丸洗い対応 BSKBU12BK　（ブラック）,任天堂 リングフィットアドベンチャーNintendo Switch ニンテンドースイッチ HAC-R-AL3PA ヨガ 室内運動 体力づくり 4902370543278 ■◇ おうち時間,【訳あり】【送料無料】【中古】3DS ニンテンドー3DS LL Newニンテンドー3DS LL 大乱闘スマッシュブラザーズ エディション 本体,ハンディ 扇風機 ハンディ 羽根なし 扇風機 ミニ扇風機 ハンディ 扇風機 ハンディー扇風機 USB 羽なし 携帯扇風機 卓上扇風機 ポータブル ハンディーファン ハンディファン コンパクトファン 羽なしハンディファン 卓上 手持ち elc022 【P】[▼],クレンジング オーガニック オーガニックボタニクス ジェントルディープ クレンジングミルク 200ml 購入金額別特典あり 無添加 送料無料 正規品 スキンケア 天然 ナチュラル ノンケミカル 自然,スター・ウォーズ 反乱者たち ファイナル・シーズン BDコンプリート・セット【Blu-ray】 [ テイラー・グレイ ],フィッシャープライス ミュージカル・スマートフォン,●期間限定！IC6CL50 6個自由選択 エプソン 用 互換 インク メール便 送料無料 あす楽 対応 (IC50 ICBK50 ICC50 ICM50 ICY50 ICLC50 ICLM50 EP-705A IC 50 EP-801A EP-804A EP-802A EP-703A EP-803A EP-704A PM-A840 EP-804AW EP-302 PM-A820 EP-4004 EP-803AW EP-901A),アンテナケーブル 極細 10m 4K対応 8K対応 黒色 S2.5C 片側L字 アンテナコード ブラック 500-AT001-10BK【ネコポス対応】,タイガー ポータブルクーラー BPK-100P【 ウォータークーラー 冷水器 】
◆◆見習い錬金術師はパンを焼く のんびり採取と森の工房生活 2 / 織部ソマリ／著 / フロンティアワークス,,キーボード ブラック 長い爪でも操作しやすいアイソレーションキー 薄型メンブレンキー USB接続,Nintendo Switch あつまれ どうぶつの森セット 送料無料 【SK10780】,【中古】 大乱闘スマッシュブラザーズDX（デラックス） 任天堂公式ガイドブック / 小学館 / 小学館 [ムック]【メール便送料無料】【あす楽対応】,★宅配便送料無料★【 首かけ 首掛け 扇風機 2020 首掛け扇風機 ハンズフリーファン 羽なし 羽根なし 羽根なし扇風機 ハンディファン 首かけ 首掛け 充電式 可愛い 静音 ハンディ ハンズフリー ネッククーラー 首かけ扇風機 首掛けファン】360度冷却 ネックバンドファン ss,【10/13限定・最大400円オフクーポン】 エポラーシェ モイストクレンジングプラス 2本セット 化粧落とし 洗顔 ジェル ヘマトコッカスプルビアリスエキス アロエベラエキス ローズマリーエキス コーン油 コメヌカ油 250ml 680,スターウォーズ フェイスタオル ジャガードロングタオル ダースベイダーフェイス STAR WARS 丸眞 ギフト 雑貨 キャラクター グッズ メール便可 シネマコレクション,ピープル iT(インテリ)フォン〜脳が育つスマホケース付き〜,エプソン　EPSON ICY50 純正プリンターインク Colorio（カラリオ） イエロー[ICY50]【rb_pcp】,ELECOM(エレコム) 4K8K対応 2mアンテナケーブル[L型プラグ-ストレートプラグ]ブラック DH-ATLS48K20BK DHATLS48K20BK,【お取り寄せ商品】【送料無料】PANASONIC パナソニック 業務用 ウォータークーラー ボトル式(18L)冷水専用型 SD-B185 SDB185
見習い錬金術師はパンを焼く　のんびり採取と森の工房生活　2／織部ソマリ【合計3000円以上で送料無料】,,ロジクール イルミネートキーボード K740 有線 キーボード 充電式 薄型 有線キーボード windows 国内正規品 3年間無償保証,Nintendo Switch スイッチ 4台同時充電 ジョイコン 充電ドック 充電スタンド Joy-Con コントローラー 充電 充電器 任天堂 ニンテンドー【送料無料】ポイント消化,【3DS用追加コンテンツ】 大乱闘スマッシュブラザーズ for Nintendo 3DS 追加コンテンツ 第5弾まとめパック （ダウンロード版）　 ※100ポイントまでご利用可,3980円(税別)以上で送料無料/羽根なし扇風機 ブレードレスサーキュレーター 丸型 HT-5 リモコン付 角度調節可能 上下左右首振り 6段階風量調節 タッチセンサースイッチ 羽根なしサーキュレーター,クレンジング 毛穴 オーガニック ハレナ ホットクレンジング ジェル 【送料無料】 クレンジング クレンジングジェル クレンジングゲル 温感 ホット マツエク メイク落とし 温感クレンジング 毛穴 黒ずみ 除去 敏感肌 オーガニック 低刺激,【BLU-R】スター・ウォーズ／フォースの覚醒 MovieNEX ブルーレイ&DVDセット,日本正規品 メーカー保証 OPPO Reno A SIMフリー版 Android simfree スマホ本体新品 64GB 指紋認証 顔認証 有機EL SIMフリー スマホ アンドロイド シムフリー スマートフォン フェリカ FeliCa おサイフケータイ 携帯 本体 防水,【福袋4個セット】 YTH-6CL エプソン(EPSON) 互換インク YTH(ヨット) 互換 6色×4個セット【残量表示対応】対応機種：EP-10VA / EP-30VA,アンテナケーブル　コネクター付　S5CFB 黒　10m,サーモス 高性能温冷ディスペンサー JIJ-19P(プッシュ式)【代引き不可】【ウォータークーラー】【業務用】
見習い錬金術師はパンを焼く のんびり採取と森の工房生活 2,,ロジクール メカニカルキーボード K840 108フルキー ROMER-G 26キー ロールオーバー アルミニウム キーボード USB 有線 国内正規品 2年間無償保証,【楽天2位獲得】任天堂スイッチ 10in1セット 勝手に動く JOY-CON スティック 修理交換用パーツ 2個セット 修理器具 ジョイコン Switch コントローラー 修理,【中古】[ACC][Switch]Nintendo Switch Proコントローラー(ニンテンドースイッチ プロコントローラー) 大乱闘スマッシュブラザーズ SPECIALエディション 任天堂(HAC-A-FSSKE)(20181116),デスクトップ冷風扇エアクールファン | 冷風機 扇風機 赤ちゃん コンパクト 冷風扇 卓上 グッズ 小型 オフィス ミニ 暑さ対策 ひんやり 車載 冷風扇風機 涼しい ミニ冷風扇 パーソナルクーラー 熱中症対策 羽根なし扇風機 おしゃれ 小型冷風扇 小型冷風機 エアコン 置き型,マイルドクレンジング オイル 2本 【ファンケル 公式】 [クレンジング マイクレ 送料無料 無添加 毛穴 FANCL マイルドクレンジングオイル クレンジングオイル オイルクレンジング メイク落とし 基礎化粧品 スキンケア メーク落とし 無添加化粧品 化粧落とし],【4K ULTRA HD】スター・ウォーズ／スカイウォーカーの夜明け 4K UHD MovieNEX スチールブック(数量限定)(4K ULTRA HD+3Dブルーレイ+ブルーレイ),AQUOS sense3 lite simフリー スマホ 本体 新品 スマートフォン 本体 楽天モバイル 端末のみ 楽天モバイル対応,【福袋3個セット】 YTH-6CL エプソン(EPSON) 互換インク YTH(ヨット) 互換 6色×3個セット【残量表示対応】対応機種：EP-10VA / EP-30VA,ELECOM(エレコム) 4K8K対応 2mアンテナケーブル[L型プラグ-ストレートプラグ]ブラック DH-ATLS48K20BK DHATLS48K20BK,キャンブロ ビバレッジディスペンサー DSPR6 【ウォータークーラー】【喫茶用品】【CAMBRO】【業務用】
【新品】見習い錬金術師はパンを焼く　のんびり採取と森の工房生活　2　織部ソマリ/著,,ロジクール ワイヤレス ソーラーキーボード K750r 超薄型 Unifying windows 無線 キーボード 薄型 電池交換不要 K750 国内正規品 3年間無償保証,【楽天3位獲得】Nintendo Switch ワイヤレス コントローラー HD振動 ゲーム コントローラー Switch/Switch lite/PC対応 コントローラー 無線 ジャイロセンサー TURBO機能 スイッチ コントローラー 500mAh バッテリー内蔵 キャプチャー機能 ダブルモーター振動,【中古】大乱闘スマッシュブラザーズ for Wii U WiiU WUP-P-AXFJ/ 中古 ゲーム,★宅配便送料無料★【2020 ハンズフリーファン 羽なし 羽根なし 扇風機 ハンディファン 首かけ 首掛け 首 充電式 可愛い 静音 ハンディ ハンズフリー ネッククーラー 首掛け扇風機 首かけ扇風機 首掛けファン 充電式】 マカロンネックファン ss,【全品10%OFF】 【公式】トリロジー クレンジング クリーム 200ml オーガニック ローズヒップオイル 乾燥 洗顔 W洗顔不要 朝 夜 約1か月半分 trilogy,【4K ULTRA HD】スター・ウォーズ／スカイウォーカーの夜明け 4K UHD MovieNEX(4K ULTRA HD+3Dブルーレイ+ブルーレイ),UMIDIGI A7 SIMフリースマートフォン 本体 国内版 6.49インチ大型画面|AI クアッドカメラ|オクタコア64ビット|4150mAh大型バッテリー|Andoroid10|4G LTE 2回線同時待受,【福袋2個セット】 YTH-6CL エプソン(EPSON) 互換インク YTH(ヨット) 互換 6色×2個セット【残量表示対応】対応機種：EP-10VA / EP-30VA,【メール便送料無料】4K/8K対応　S4CFB アンテナケーブル　2m　ホワイト　4K対応 同軸ケーブル　SED　GHC-SL2M　【返品保証】 地上デジタル BS CS対応 テレビケーブル アンテナコード TVケーブル,【中古】直結式ウォータークーラー サンヨー SD-P105 幅300×奥行450×高さ600 【送料別途見積】【業務用】
見習い錬金術師はパンを焼く のんびり採取と森の工房生活 2,,ゲーミングキーボード 有線 7色LEDバックライト USB キーボード 日本語配列 パソコン用 防水 26キー防衝突 Windows/Mac対応 106キー,Nintendo Switch Lite グレー 送料無料 【SK09499】,【2019最新版】ゲームキューブコントローラー用 接続タップ Switch/WiiU/PC用 大乱闘スマッシュブラザーズ対応 gcコントローラー用 転換アダプター TURBO連射/振動機能搭載 4 PORTS DOSMUNG,ネックファン 充電式 扇風機 首かけ 充電式ネックファン 羽根なし 扇風機 ポータブル 扇風機 肩がけ ネッククーラー 熱中症対策 扇風器 携帯 持ち運び ハンディファン より ハンズフリー で便利 髪の毛が巻き込まれにくい 屋外作業 アウトドア スポーツ 送料無料 羽なし,クレンジング オーガニック オーガニックボタニクス ジェントルディープ クレンジングミルク 200ml 購入金額別特典あり 無添加 送料無料 正規品 スキンケア 天然 ナチュラル ノンケミカル 自然,ハン・ソロ／スター・ウォーズ・ストーリー MovieNEX(通常版) [ オールデン・エアエンライク ],【楽天1位獲得】iphone SE 第2世代 iphone11 pro max iphonexs x xr iphone8 Plus 7 プラス 6s 5s 5 ガラスフィルム 日本製 ガイド枠付 保護フィルム アイフォン11 プロ マックス XR 8 6s iPod touch 6 7 8 スマホ ガラスフィルム シズカウィル(shizukawill) iPhone se2 2020,●期間限定！IC6CL50 6個自由選択 エプソン 用 互換 インク メール便 送料無料 あす楽 対応 (IC50 ICBK50 ICC50 ICM50 ICY50 ICLC50 ICLM50 EP-705A IC 50 EP-801A EP-804A EP-802A EP-703A EP-803A EP-704A PM-A840 EP-804AW EP-302 PM-A820 EP-4004 EP-803AW EP-901A),4K 8K 対応 アンテナケーブル 1m L型 4C 白 ホワイト 10MHz-3224MHz Hi-Qケーブル 分配器 分波器 アンテナケーブル fl テレビ ケーブル 高性能金メッキ仕様 ネコポス送料無料,SA18-8温冷水クーラー 35L【 ウォータークーラー 】
見習い錬金術師はパンを焼く のんびり採取と森の工房生活 2,,メンブレンキーボード/108キー/USB/Lサイズ/ブラック,任天堂 星のカービィスターアライズ パッケージ版 Nintendo Switch(スイッチ ソフト)(新品)｜4902370539073｜,Wii ニンテンドーWii 本体 すぐ遊べるセット ソフト付き（大乱闘スマッシュブラザーズWii） シロ リモコン2点 ヌンチャク2点 純正【中古】,家庭用羽なし扇風機 静音 自然風 空気清浄 110 V 220 V,【10/13限定・最大400円オフクーポン】 エポラーシェ モイストクレンジングプラス 2本セット 化粧落とし 洗顔 ジェル ヘマトコッカスプルビアリスエキス アロエベラエキス ローズマリーエキス コーン油 コメヌカ油 250ml 680,スターウォーズ 光る靴 ダースベーダ— R2-D2 靴 スニーカー シューズ キッズ キャラクター 男の子 かっこいい かわいい ディズニー STAR WARS 1002 1004 送料無料,AQUOS sense3 plus simフリー スマホ 本体 新品 スマートフォン 本体 楽天モバイル 端末のみ 楽天モバイル対応,エプソン EP-M552T インクジェットプリンター エコタンク ホワイト プリンター,4K 8K 対応 アンテナケーブル 3m / 4C / L型 白 ホワイト 10MHz-3224MHz Hi-Qケーブル 分配器 分波器 アンテナケーブル fl テレビ ケーブル 高性能金メッキ仕様ネコポス送料無料,###ωナカトミ【NWC-F30C】床置形ウォータークーラー 冷水専用
[書籍のゆうメール同梱は2冊まで]/見習い錬金術師はパンを焼く のんびり採取と森の工房生活 2[本/雑誌] (アリアンローズ) / 織部ソマリ/著,,Logicool G ゲーミングキーボード 有線 G910r タクタイル メカニカルキーボード 日本語配列 LIGHTSYNC RGB パームレスト G910 Spectrum 国内正規品 2年間無償保証,ガラスフィルム付き Nintendo Switch専用セミハードケース Nintendo Switch ケース クロス付き セミハードケース ニンテンドー スイッチ switch ガラスフィルム,任天堂【ゲームソフト】Switch 大乱闘スマッシュブラザーズ SPECIAL HAC-P-AAABA★【HACPAAABA】,GoTo キャンペーン羽なし扇風機 ハンディファン ブレードレスデスクファン 扇風機 ミニ扇風機 小型ファン USB充電 羽なし扇風機 羽根なし扇風機 卓上 スタンド機能 ハンディ 2Way 風量調節 携帯扇風機 持ち運べる 充電式###扇風機USB-WYFS黒###,【セラムデュー】【マツエクOK】アクアクレンズ(詰め替え用180mL)ノンオイル　アミノ酸　クレンジング毛穴 黒ずみ　除去角栓 すっきり(メイク落とし ジェル クレンジングジェル クレンジングゲル オイルフリー),【トリオセット スターウォーズ】食洗機対応スライド式トリオ【SW/DOODLES/TACC2】子ども用 子供用 お箸セット 携帯用箸 弁当用箸 おはし ハシ スプーン フォーク セット 使いやすい お弁当グッズ ランチグッズ 遠足 運動会 行楽 スター・ウォーズ キャラクター スケーター,ミリタリー ポーチ / 新品 多機能 MOLLE対応 スマートフォンポーチ 5色 ポーチ　ミリタリー ポーチ ミリタリーポーチ WIP メンズ ミリタリー アウトドア バッグ スポーツ プレゼント,エプソン ICBK69 【純正】インクカートリッジ ブラック,『メール便送料無料』4K/8K対応　S4CFB アンテナケーブル　2m　ホワイト　4K対応 同軸ケーブル　SED　GHC-SL2M　『返品保証』 地上デジタル BS CS対応 テレビケーブル アンテナコード TVケーブル,AT-12WG ホシザキ ウォータークーラー ウォーターサーバー 冷水専用タイプ 送料無料
見習い錬金術師はパンを焼く のんびり採取と森の工房生活 2 アリアンローズ / 織部ソマリ 【本】,,エレコム 無線ワイヤレスキーボード メンブレン式 フル ブラック TK-FDM106TBK(1台)【エレコム(ELECOM)】,Nintendo Switch Lite [ターコイズ] 2019年9月新モデル【新品】任天堂 ニンテンドー スイッチ,ゲームキューブコントローラ接続タップ MOGODA 大乱闘スマッシュブラザーズ対応 GAMECUBE スマブラ ゲームキューブ コントローラ 転換 アダプター,羽なし扇風機 卓上扇風機 2Way 持ち運び コンパクト 扇風機 小型ファン LEDライト ブレードレスデスクファン 【宅配便のみ】,【ポイント最大30倍】デュオ ザ クレンジングバーム ホワイト 2個セット＜D.U.O.／デュオ＞【正規品】【ギフト対応可】,バンダイスピリッツ 1/144＆1/350＆1/2700000 「スター・ウォーズ/ジェダイの帰還」 クリアビークルセット プラモデル （ZP65232）,iT(インテリ)フォン　脳が育つスマホケース付き,エプソン　EPSON ICBK80 純正プリンターインク Colorio（カラリオ） ブラック[とうもろこし ICBK80]【rb_pcp】,DXアンテナ 【ビックカメラグループオリジナル】4K8K対応アンテナケーブル(F-F)5m BK-A82FF50BK【point_rb】,AT-18WG ホシザキ ウォータークーラー ウォーターサーバー 冷水用 送料無料
ヨーグルト酵母でパンを焼く。 自然発酵種「るヴぁん」でもっと味わい深いパンを!,,エレコム 無線マウス 無線 フルキーボード ＆ マウス 109キー パソコン 日本語配列 メンブレン式 キーボード ワイヤレスマウス 付 セット ブラック TK-FDM106MBK,Nintendo Switch 本体 Joy-Con(L) ネオンブルー/(R) ネオンレッド(バッテリー持続時間が長くなったモデル) 送料無料 【SK09895】,大乱闘スマッシュブラザーズ SPECIAL (HAC-P-AAABA) NSW 新品 スマブラ プレゼント,風量3段階調整機能 2WAY羽根無し扇風機 専用卓上スタンド付き 羽がない 羽のない扇風機 ハンディファン USB充電 風量3段階 充電 ケーブル付属 【色/ピンク】,EGF グロスファクター【詰替用2本セット】GF炭酸クレンジングジェル 400g 詰替用 レフィル×2本 demarrer デマレ 化粧品 炭酸 クレンジング ゲル メイク落とし エイジングケア 業務用 イージーエフ 成長因子 正規品 母の日【商品レビューで500円クーポン】送料無料,トイザらス限定　スター・ウォーズ ブラックシリーズ 6インチフィギュア シス・トルーパー,iPhone 11 ケース iPhone 11Pro ケース 11Pro Max iPhone XR ケース iPhone X ケース iPhone XS ケース iPhone XS Max ケース iPhone7 iPhone8 7Plus 8Plus ケース 360°全面保護ケース 全面ガラスケース マグネット装着 アルミバンパー スマホケース アイフォンケース,【在庫処分】純正インク 箱なしアウトレット エプソン IC42 IC70 IC80 IC33 IC69 IC46 IC62 KUI YTH EPSON【訳あり】,[W4]4K8K放送対応 アンテナ2分配器 4Cケーブル一体型（0.5m）ホワイト 全端子電流通過型 FF-4829WH/FF4829WH（C-021後継）,ホシザキ電気 ウォータークーラー 卓上タイプ AT-18WG
ヨーグルト酵母でパンを焼く。 自然発酵種「るヴぁん」でもっと味わい深いパンを!,,無線キーボード / メンブレン式 / フルサイズ / ブラック 無線2.4GHzキーボード エレコム ELECOM TK-FDM106TBK,Nintendo Switch キャリングケース あつまれ どうぶつの森エディション 〜たぬきアロハ柄〜 （画面保護シート付き）,(送料無料)(Switch)大乱闘スマッシュブラザーズ SPECIAL(新品)(あす楽対応),【1年間品質保証】サーキュレーター 首振り 上下左右 壁掛け 羽根なし扇風機 7段階風量切替 リモコン付き 羽なし 卓上 扇風機 ファン 安心 安全 3色なら選べる,【1位獲得！！W洗顔不要 とろけるクレンジング20g・メール便（ネコポス）送料無料・メイク落とし】ink.(インク）クレンジングバーム 無香料（20g・お試し約10日分）,【公式】アディダス adidas バスケットボール HARDEN STAR WARS FULL-ZIP: AUREBESH レディース メンズ ウェア トップス スウェット 黒 ブラック FN3232,ダイヤ ゴルフ スマホザウルス AS-473,エプソン ICY70L 【純正】インクカートリッジ イエロー(増量タイプ),マスプロアンテナ　MASPRO 【ビックカメラグループオリジナル】4K8K衛星放送対応 2mアンテナケーブル（L型プラグ-ストレートプラグ） BKLSJ2WKP【point_rb】,【お取り寄せ商品】【送料無料】PANASONIC パナソニック 業務用 ウォータークーラー 給水の手間が不要！水道直結式冷水専用型 SD-P205A SDP205A【※メーカー直送/代引不可】
ヨーグルト酵母でパンを焼く。 自然発酵種「るヴぁん」でもっと味わい深いパンを!,,ワイヤレスキーボード・マウスセット 小型 テンキーレス USB接続 メンブレン 静音マウス ブルーLEDマウス ブラック 無線,Nintendo Switch Lite ターコイズ 送料無料 【SK09500】,【中古】 ニンテンドー3DSソフト / 大乱闘スマッシュブラザーズ For ニンテンドー3ds 【GAME】,【送料無料】サーキュレーター 首振り 上下左右 壁掛け 羽根なし扇風機 7段階風量切替 リモコン付き 羽なし 卓上 扇風機 ファン 安心 安全 3色なら選べる,/：ソフィーナ 乾燥肌のための美容液メイク落とし ＜オイル＞ 200ml（発送までに1週間程かかる場合があります）,【中古】 スター・ウォーズ　コンプリート・サーガ　ブルーレイコレクション（初回生産限定）（Blu−ray　Disc） ／（洋画） 【中古】afb,グリップタイトONEマウント ホワイト JB01489-0WW [アウトレット JOBY ジョビー スマホ用 テレワーク　リモート],IC6CL50 + ICBK50×2 お得な6色パック + 黒2本 計8本 ブラック シアン マゼンタ イエロー ライトシアン ライトマゼンタ エプソンプリンター用互換インク EP社ICチップ付 残量表示機能付 ICBK50 ICC50 ICM50 ICY50 ICLM50 ICLC50 IC50,DXアンテナ 【ビックカメラグループオリジナル】4K8K対応アンテナケーブル(F-L)3m BK-A82FL30WH【point_rb】,東芝LEトレーディング 【納期未定！】MF-51P2　【冷水専用】ウォータークーラー 床置タイプ
ヨーグルト酵母でパンを焼く。　自然発酵種「るヴぁん」でもっと味わい深いパンを！／堀田誠／レシピ【合計3000円以上で送料無料】,,ロジクール ワイヤレス マウス キーボード セット MK235 無線 耐水 国内正規品 2年間無償保証,Transcend microSDXCカード 128GB Class10 UHS-I U3 V30 A1 マイクロSD microSDカード クラス10 Nintendo Switch スイッチ,『大乱闘スマッシュブラザーズ for ニンテンドー3DS』2本入りギフトパック,熱中症対策 暑さ対策 部屋 羽根なし扇風機　ブレードレス扇風機 タワー型 羽根がない DCモーター タイマー機能 スリープモード 左右首振り リモコン 居間 リビング 赤ちゃん 子供 安全 life　sale送料無料 ※沖縄・離島は送料あり,EGF グロスファクター GF炭酸クレンジングジェル 400g demarrer デマレ 化粧品 炭酸 クレンジング ゲル メイク落とし エイジングケア シワ たるみ ハリ まつエク マツエク 業務用 イージーエフ 成長因子 正規品 母の日【商品レビューで500円クーポン】,スターウォーズ STAR WARS / スカイウォーカーの夜明け 2020年壁掛けカレンダー ICL-106,モバイル基礎テキスト 第6版 モバイル技術基礎検定 スマートフォン・モバイル実務検定[総務省後援] 対応 [ モバイルコンピューティング推進コンソーシアム ],インク 福袋 8個選択 キャノン エプソン BR社 メール便 送料無料 RDH-4CL YTH-6CL IC6CL80L IC6CL70L IC6CL50 IC4CL69 IC4CL46 BCI-371+370 BCI-351+350 BCI-326+325 BCI-321+320 BCI-7e+9BK HP178-4PK LC213-4PK LC211-4PK LC16-4PK LC17-4PK LC11-4PK LC12-4PK,アンテナケーブル 同軸ケーブル S-4C-FB 3.0m 【ストレート＋ストレート型】 【ストレート＋L型】 UL.YN,カーライル 丸型ビバレッジディスペンサー 2227 3ガロン 茶【 ウォータークーラー 】
[書籍のゆうメール同梱は2冊まで]/ヨーグルト酵母でパンを焼く。 自然発酵種「るヴぁん」でもっと味わい深いパンを![本/雑誌] / 堀田誠/著,,BUFFALO　バッファロー BSKBU300BK キーボード ブラック [USB /有線][BSKBU300BK],Nintendo Switch ガラスフィルム 【 ブルーライト 80%カット 】 保護フィルム 任天堂 スイッチ フィルム 強化保護ガラス 硬度9H 【180日間保証付き】 【ポイント消化】,【中古】【WiiU】大乱闘スマッシュブラザーズ　for　Wii　U　ソフト単品版（箱説明書無し）,[日本語説明書付][送料無料] 首掛け 首かけ扇風機 羽根なし 扇風機 首掛けクーラー USB USB充電式 小型 ポータブルファン 羽なし 静音 ハンディ ハンズフリー 可愛い コンパクト 持ち歩き ネックファン 肩掛け 肩かけ オフィス ミニ 3段階風量調節,スクワラン高配合 [クレンジングクリーム ジュリミア 100g] 毛穴 角栓 たるみ 美容クリーム マッサージ メイク落とし,【送料無料【浮かせてお届け】スターウォーズバルーンブーケ BB-8 ヘリウムガス入り 色が選べる 風船 メッセージ付 【バルーン電報 STARWARS 】 ギフト パーティー 飾り 誕生日 装飾 パーティ— あす楽 リトルレモネード,iPhone 11 Pro Max ケース 360°全面保護ケース 全面ガラスケース フルカバー 強化ガラス マグネット装着 アルミバンパー LUPHIE iphoneケース iPhone 2019 スマホケース アイフォンケース,KUI-BK インクカートリッジ クマノミ(ブラック),HAT10-SSBK HORIC アンテナケーブル S-4C-FB同軸 1m ブラック BS/CS/地デジ/新4K8K衛星放送対応 両側F型ネジ式コネクタ ストレート/ストレートタイプ 【ホーリック】【送料無料】,Panasonic パナソニック(旧サンヨー) ウォータークーラー SD-B185H 業務用 業務用冷水器 冷水器
【新品】【本】ヨーグルト酵母でパンを焼く。　自然発酵種「るヴぁん」でもっと味わい深いパンを!　堀田誠/著,,エレコム　ELECOM　（スマホ／タブレット対応）ワイヤレスキーボード　タブレットスタンド付き（日本語79キー）　TK−FLP01BK　（ブラック）,Nintendo Switch Lite ケース 耐衝撃 Switch Lite ケース キャリングケース ハードケース Switch Lite 保護ケース 収納ポーチ ニンテンドー スイッチ ライト 落下防止 衝撃吸収 薄型 軽量 送料無料 ギフト プレゼント,N64 ニンテンドー64 ソフトのみ 大乱闘スマッシュブラザーズ スマブラ 箱取説なし Nintendo64 任天堂【中古】,【★夏物在庫処分★日本国内発送】【2020最新モード】扇風機 首かけ　羽無し扇風機ハンズフリー 扇風機 ネックファン ハンディファン 720°回転 3段階風量 ハンディ扇風機 ポータブル扇風機 持ち運び 夏 便利 アウトレット,クレンジア ローズハチミツジェル クレンジング 500ml【ゆうパック対応】,STAR WARS 1/12 ストームトルーパー【新品】 スター・ウォーズ プラモデル 【宅配便のみ】,オムロン　OMRON HBF-228T 体組成計 KaradaScan（カラダスキャン） シャイニーホワイト [スマホ管理機能あり][体重計 体脂肪計 スマホ連動 HBF228TSW],エプソン ICM70L 【純正】インクカートリッジ マゼンタ(増量タイプ),アンテナケーブル F型 10m 日本製F型ネジ式(オス - オス) 両端ストレートSSA S4-FP-FP-10mS4C-FB / 75Ω地上デジタル / 衛星放送(BS/CS) 4K / 2K 対応メール便対応,タイガー ポータブルクーラー BPK-100P【 ウォータークーラー 冷水器 】 【厨房館】
絵画 インテリア 額入り 壁掛け複製油絵ジャン＝フランソワ・ミレー パンを焼く女 F15サイズ F15号 652x530mm 油彩画 複製画 選べる額縁 選べるサイズ,,エレコム　ELECOM TK-FCM090SBK キーボード　静音 ブラック [USB /有線][TKFCM090SBK],Nintendo Switch 本体 Joy-Con(L)/(R) グレー(バッテリー持続時間が長くなったモデル) 送料無料 【SK09896】,【中古】大乱闘スマッシュブラザーズXソフト:Wiiソフト／任天堂キャラクター・ゲーム,即納 扇風機 首かけ 羽なし 扇風機 ハンズフリー ポータブル 扇風機 ヘッドホン型扇風機　USB 充電式 FAN 首かけ 肩かけ 小型 ネックファン ミニ ハンディ ファン首かけ おしゃれ アウトドア キャンプ プレゼント ギフト,ESS リキッドクレンジングC＜クリア＞・本品＆付け替えペア（180mL×2本） フルーツ酸配合クレンジング,スター・ウォーズ BB-8&D-O ジオラマセット 1/12スケール 色分け済みプラモデル,ASUS JAPAN 90AC02C0-BBT005,エプソン RDH-BK 【純正】インクカートリッジ（ブラック）,アンテナケーブル1m 白色デジタル放送対応アンテナケーブル【1m】S4C-FB 75Ω/ OFC 高純度銅　：金メッキ仕様　ネジ式端子COMON(カモン) F-10●白色,ライフハイト ニューコロンブスポット 62013ホワイト(1.0L)【 ウォータークーラー 冷水器 】
[書籍のゆうメール同梱は2冊まで]/楽健寺酵母でパンを焼く りんご+にんじん+長いも+ごはんで天然酵母[本/雑誌] (単行本・ムック) / 山内宥厳,,BUFFALO　バッファロー BSKBU300WH キーボード ホワイト [USB /有線][BSKBU300WH],microSDXC カード 64GB 東芝 UHS-I 対応 100MB毎秒 CLASS10 高速 通信 microSD カード THN-M203K0640C4 海外パッケージメール便送料無料 Nintendo Switch Newニンテンドー3DS推奨,【中古】 ニンテンドーオールスター！大乱闘スマッシュブラザーズ必勝攻略法 完璧攻略シリーズ13／ファイティングスタジオ(著者) 【中古】afb,【★夏物在庫処分★日本国内発送】扇風機 首かけ　羽無し扇風機ハンズフリー 扇風機 ネックファン ハンディファン 360°回転 3段階風量 ハンディ扇風機 ポータブル扇風機 持ち運び 熱中症対策 夏 便利 ウォーキング　アウトレット,洗顔 洗顔 毛穴 洗顔 メンズ 洗顔フォーム 洗顔料 クレンジング パック 敏感肌 オイリー肌 脂性肌 混合肌 ピュアクリスティ スキンケア これ1本で洗顔、クレンジング、パック、エイジングケアまで。美容液タイプだから毛穴の奥の汚れもスッキリ！ヴィーナスピュアビーンズ,バンダイ 1/12 スター・ウォーズ 最後のジェダイ ファースト・オーダー ストームトルーパー・エクセキューショナー プラモデル（ZP35896）,アンパンマン　もしもしおでかけスマートフォン,【メール便送料無料！】【購入上限数なし】エプソン用 キヤノン用 ブラザー用 HP用 互換インクカートリッジ IC70L IC69 IC65 IC62 IC61 IC50 BCI-350XL BCI-351XL BCI-325 BCI-326 BCI-320 BCI-321 BCI-9 BCI-7e LC117/LC115 LC113 LC111 LC110 LC12 LC11/LC16 染料インク,DXアンテナ【2K・4K・8K対応】同軸ケーブル20m (5C) S5CFB20SP★【S5CFB20S(P)】,【中古】【送料都度見積】ホシザキ　ウォータークーラー　AT-12WG　2011年
【中古】 楽健寺酵母でパンを焼く りんご＋にんじん＋長いも＋ごはんで天然酵母 / 山内 宥厳 / 農山漁村文化協会 [単行本]【宅配便出荷】,,マイクロソフト　Microsoft N9Z-00029 キーボード　All-in-One Media Keyboard [USB /ワイヤレス][N9Z00029],★Nintendo / 任天堂 Nintendo Switch あつまれ どうぶつの森セット HAD-S-KEAGC【送料無料】,【中古】ニンテンドウ64ソフト ニンテンドウオールスター!大乱闘スマッシュブラザーズ (箱説なし),首掛け扇風機 2020 羽なし 扇風機 首掛け 扇風機 首かけ ハンディファン ポータブル ファン ハンディ 静音 羽根なし ハンズフリー 軽量 高品質 宅急便,クリニーク テイク ザ デイ オフ クレンジング バーム【CLINIQUE】（メイク落とし 化粧落とし）（ギフト）,カイロレン DX 大人 男性用 ルービーズ コスチューム スターウォーズ コスプレ エピソード7 フォースの覚醒 衣装 仮装,今すぐ使えるかんたん　Androidスマートフォン完全ガイドブック　困った解決＆便利技［Android 10/9対応版］ [ リンクアップ ],EW-452A エプソン A4プリント対応 インクジェットプリンタ複合機（ブラック顔料、3色染料） EPSON Colorio（カラリオ）,HAT100-113LPWH/HAT100-114LPBK HORIC 極細アンテナケーブル S-2.5C-FB同軸 10m BS/CS/地デジ/新4K8K衛星放送対応 両側F型差込式コネクタ L字/ストレートタイプ 【ホーリック】【送料無料】,2018年製【日立】【業務用】【中古】　ウォータークーラー　RW-145P◎　単相100V自社6ヶ月保証
【中古】 楽健寺酵母でパンを焼く りんご＋にんじん＋長いも＋ごはんで天然酵母 / 山内 宥厳 / 農山漁村文化協会 [単行本]【ネコポス発送】,,日本HP USB 日本語版スタンダードスリムキーボード(N3R87AA#ABJ) 目安在庫=△,【中古】Switch 星のカービィ　スターアライズ,ゲームキューブコントローラ接続タップ MOGODA 大乱闘スマッシュブラザーズ対応 GAMECUBE スマブラ ゲームキューブ コントローラ 転換 アダプター,「2020最新モデル」首掛け扇風機 羽根なし 扇風機 ポータブル扇風機 首かけ ネックファン ハンディファン 首かけ ネッククーラー USB充電式 扇風機 首掛け 羽なし ミニ ファン 携帯 軽量 小型 静音 高品質 360度 涼感 両手解放 快適装着,牛乳石鹸 カウブランド 無添加 メイク落としオイル(150ml)【カウブランド】,スター・ウォーズ ピンボール,アンパンマンとスマホであそぼう！,●期間限定！ICBK70L ブラック 増量 単品 エプソン 用 互換 インク (IC70L IC70 ICBK70 IC6CL70L IC6CL70 EP-805A IC 70L IC 70 EP-706A EP-806AW EP-306 EP-805AW EP-805AR EP-806AB EP-906F EP-976A3 EP-775A EP-905A EP-905F EP-776A),マスプロアンテナ　MASPRO 【ビックカメラグループオリジナル】4K8K衛星放送対応 3mアンテナケーブル（L型プラグ-ストレートプラグ） BKLSJ3WKP【point_rb】,日立 ウォータークーラー 冷・温水兼用(貯水式)RW-1810BH 【メイチョー】冷温機器
見習い錬金術師はパンを焼く のんびり採取と森の工房生活 1,,スリムキーボード(静音・ブラック),任天堂　マリオカート8 デラックス　Nintendo Switch　HAC-P-AABPA,大乱闘スマッシュブラザーズ SPECIAL - Switch,【1年保証・2020年最新】ネックファン　羽なし　扇風機　首かけ　ハンズフリー　ポータブル　ダブルファン　持ち運び　ヘッドホン型　USB　充電式　肩かけ　小型　ミニ　ファン　首掛け　スポーツ　アウトドア　プレゼント　ギフト　日本語説明書　敬老の日,水クレンジング クレンジングウォーター 化粧水 美容液 角質ケア くすみ w洗顔不要 メイク落とし 化粧落とし オイルフリー オーガニック BOTANICAL ESTHE ボタニカルエステ 300ml 日本製 [単品],【中古】洋画Blu-ray Disc スター・ウォーズ コンプリート・サーガ ブルーレイBOX [初回生産限定],＼スマホリング・ガラスフィルムセット／iPhone11ケース iPhone8 ケース iphone7ケース iPhone11 pro カバー シリコン クリアケース ソフトケース iPhone7 iphone8 plus ケース TPU キズ防止 iPhone8ケース iphone11 ケース iphone xr ケース,●期間限定！ITH 単品 自由選択 メール便 送料無料 エプソン 用 互換 インク あす楽 対応 (ITH-6CL ITH-BK ITH-C ITH-M ITH-Y ITH-LC ITH-LM ITHBK ITHC ITHM ITHY ITHLC ITHLM EP-710A EP-711A EP-709A EP-810AB EP-811AW EP-811AB EP-810AW EP710A EP711A EP709A EP810AB),[0.5m/2本セット][R]4K8K放送対応/極細S-2.5C-FBアンテナケーブル/両側F型コネクタ(接栓ネジタイプ)ホワイト金メッキ FNT-2CNN-GW05/FNT2CNNGW05,18-8真空断熱ドリンクディスペンサー JIG-15【代引き不可】【ウォータークーラー】【業務用】
見習い錬金術師はパンを焼く のんびり採取と森の工房生活 1,,バッファロー　有線キーボード［USB・Win・108キー］　BSKBU100BK　ブラック,【即納★新品】NSW Nintendo Switch Proコントローラー,【中古】 大乱闘スマッシュブラザーズDXファイティングマスターズガイド / ファミ通書籍編集部 / エンターブレイン [単行本]【宅配便出荷】,"クーポン利用で3,180円x送料無料　4000mAh 大容量 [1年間保証] 扇風機 首掛け ネックファン 2020 首かけ扇風機 首掛け扇風機 羽根なし扇風機 ハンズフリーファン 羽なし ハンディファン ハンズフリー ネッククーラー 首掛けファン 360度冷却 ネックバンドファン",洗顔 洗顔 毛穴 洗顔 メンズ 洗顔フォーム 洗顔料 クレンジング パック 敏感肌 オイリー肌 脂性肌 混合肌 ピュアクリスティ これ1本で洗顔、クレンジング、パック、エイジングケアまで。美容液タイプだから毛穴奥の汚れもスッキリ！限定3本セット【送料当店負担】,144ピースジグソーパズル スター・ウォーズ ダース・ベイダー（パネル付き）,【Mayumi公式】SIMロックフリースマホ Mayumi U1 期間限定特別価格 新生活応援 DSDV デュアルSIMデュアルVoLTE対応 高性能デュアルカメラ搭載 OS:Android 8.1 ハイレゾ対応 コスパ最強 ドコモ・au・ソフトバンクのプラチナバンドに対応 国内正規品 スマートフォン,エプソン 純正インク IC6CL70 （6色パック）カラリオColorio対応 インクカートリッジ さくらんぼ 【EPSON】,HAT20-105LPWH/HAT20-106LPBK HORIC 極細アンテナケーブル S-2.5C-FB同軸 2m BS/CS/地デジ/新4K8K衛星放送対応 両側F型差込式コネクタ L字/ストレートタイプ 【ホーリック】【送料無料】,サーモス 高性能温冷ディスペンサー JIJ-19P(プッシュ式)【代引き不可】【ウォータークーラー】【業務用厨房機器厨房用品専門店】
見習い錬金術師はパンを焼く のんびり採取と森の工房生活 1,,キーボード ブラック 排水機能付き 大型スペースキー メンブレンキー USB接続,星のカービィ スターアライズ Nintendo Switch　HAC-P-AH26A,Nintendo Switch 大乱闘スマッシュブラザーズ SPECIALセット[同梱ダウンロード版ソフト引換期限:2019年4月15日まで],扇風機【即納】【充電アダプターセット】TORRAS/RANVOO正規品 羽根なし扇風機 首掛け扇風機ポータブル 日本語説明書 扇風機 首かけ 羽なし torras ポータブル扇風機 首掛け ポータブル送風機 ポータブル扇風機 ネッククーラー 熱中症対策 髪の毛が巻き込まれにくい,ファンケル マイルドクレンジングオイル (120mL) FANCL メイク落とし,"【中古】 スター・ウォーズ／最後のジェダイ　4K　UHD　MovieNEX（4K　ULTRA　HD＋3Dブルーレイ＋Blu−ray　Disc） ／マーク・ハミル, 【中古】afb",サンワサプライ　SANWA　SUPPLY スマートフォン対応　デスクトップスタンド （ブラック）　PDA-STN2BK[PDASTN2BK],エプソン　EPSON　モノクロインクジェットプリンター［L判〜A4対応／USB2．0／無線・有線LAN］　PX‐K150,アンテナケーブル 1.5m 白デジタル放送対応片側L型 Quick方式 アンテナケーブル【1.5m】S4C-FB 75Ω/ OFC 高純度銅　：金メッキ仕様　お手軽Quick式COMON(カモン) FQ-15A●片側L型●白色,東芝LEトレーディング MF-30P3　【冷水専用】ウォータークーラー 卓上タイプ
◆◆見習い錬金術師はパンを焼く のんびり採取と森の工房生活 1 / 織部ソマリ／著 / フロンティアワークス,,エレコム　ELECOM TK-FDM106TXWH キーボード ホワイト [USB /ワイヤレス][TKFDM106TXWH],【新品】任天堂 Nintendo Switch Lite ターコイズ + あつまれどうぶつの森ソフトセット,【中古】攻略本 Wii 大乱闘スマッシュブラザーズX ファイティングマスターズガイド 【中古】afb,「2020最新モデル」首掛け扇風機 羽根なし 扇風機 首かけ ネックファン ポータブル扇風機 USB充電式 3段階風量調節 扇風機 首掛け 羽なし ミニ ファン 携帯 軽量 小型 静音 涼感 両手解放 快適装着 高品質 360度 ハンディファン 首かけ ネッククーラー 敬老の日 おすすめ,【花王】　キュレル オイルメイク落とし 150ml　【医薬部外品】,スター・ウォーズ：クローン・ウォーズ＜ファイナル・シーズン／ザ・ロスト・ミッション＞コンプリート・セット【Blu-ray】 [ マット・ランター ],【最安値挑戦　大人気 健康管理】スマートブレスレット スマートウォッチ スマート ウォッチ iPhone android 対応 健康　GPS連携 メンズ レディース ip67防水 日本語 line 対応 血圧 心拍計 歩数計 腕時計 血中酸素 父の日　ギフト　着信通知,ICY50 イエロー 単品 メール便 送料無料 エプソン 用 互換 インク あす楽 対応 (IC50 IC6CL50 EP-705A IC 50 EP-801A EP-804A EP-802A EP-703A EP-803A EP-704A PM-A840 EP-804AW EP-302 PM-A820 EP-4004 EP-803AW EP-901A EP-301 EP-702A EP-804AR PM-G4500 PM-T960),アンテナ ケーブル DH-ATLS48K10BKTV接続用アンテナケーブル アンテナケーブル テレビ TV接続用 L字コネクタ エレコム ブラック・ホワイト【D】,東芝LEトレーディング 【納期未定！】MF-51P2　【冷水専用】ウォータークーラー 床置タイプ
[書籍のゆうメール同梱は2冊まで]/見習い錬金術師はパンを焼く のんびり採取と森の工房生活 1[本/雑誌] (アリアンローズ) / 織部ソマリ/著,,エレコム 高耐久性キーを採用したUSB接続 有線 スタンダード キーボード s_TK-FCM062BK,スタジオエム(スタジオM) 陶器製スイッチボックスカバー　ネジ付き 全3種スイッチカバー コンセントカバー スイッチプレート 陶器 かわいい おしゃれ オシャレ お洒落 インテリア 玄関 【あす楽対応】,【送料無料・即日出荷】Nintendo Switch 大乱闘スマッシュブラザーズ SPECIAL スマブラ 050883,在庫セール【2020Newモデル】TORRAS正規品 羽根なし扇風機 首掛け扇風機 日本語説明書 扇風機 首かけ 羽なし torras ポータブル扇風機 首掛け ポータブルポータブル扇風機 羽なし ネックファン 羽根なし ネッククーラー 熱中症対策 髪の毛が巻き込まれにくい,タカミクレンジング｜メイク落とし｜100g｜公式 正規品 TAKAMI takami タカミ クレンジング メイク落とし メイク クレンジングゲル クレンジングジェル ジェル ゲル 毛穴 保湿 しっかり 敏感肌 スキンケア ケア 肌トラブル おすすめ (4571205850609),スター・ウォーズ:クローン・ウォーズ - ファイナル・シーズン(エピソード 1-4)オリジナル・サウンドトラック [ ケヴィン・カイナー ],ランニングアームバンド iPhone11 Pro Max XS Max XR iPhone8 Plus iPhone7 Plus 6s プラス 指紋認証対応 アイフォン スマホケース アームホルダー ポーチ 男女兼用 6.5インチ,EPSON(エプソン) 【純正】 IC6CL70L 6色パック （増量） IC6CL70L,エレコム 4K 8K 対応 TV用 アンテナケーブル 地デジ BS/CS対応 L型 - ストレート テレビ TV アンテナ ケーブル ls 7m ホワイト DH-ATLS48K70WH,SA18-8温冷水クーラー 10L【 ウォータークーラー 】 【ECJ】
【中古】ライトノベル(その他) ≪女性向け全年齢≫ 見習い錬金術師はパンを焼く 〜のんびり採取と森の工房生活〜(1) / 織部ソマリ 【中古】afb,,エレコム 無線薄型コンパクトキーボード 無線 薄型 コンパクト キーボード ワイヤレス 小型 小さい メンブレン式 無線キーボード コンパクトサイズ ブラック TK-FDM109TBK,ロッカースイッチ 小型 丸型 2ピン ON OFF スイッチ シーソースイッチ 汎用 埋め込み 1個,【新品/在庫あり】[ニンテンドースイッチ ソフト] 大乱闘スマッシュブラザーズ スペシャル [HAC-P-AAABA],ネックファン 羽なし 扇風機 首かけ モバイルファン ファン ポータブル ワイドエアー ハンズフリー 扇風機 携帯 持ち運び USB 充電式 肩かけ FAN 小型 ミニ ハンディ 首かけ スポーツ アウトドア プレゼント 日本語説明書 2020年最新モデル 熱中症対策 暑さ対策,ディープクリア 洗顔パウダー 【ファンケル 公式】 [ FANCL 送料無料 洗顔 化粧品 酵素洗顔 酵素洗顔パウダー 無添加 洗顔料 洗顔フォーム 毛穴 酵素 毛穴ケア スキンケア 角栓 基礎化粧品 粉 洗顔石鹸 石けん 洗顔せっけん フェイスウォッシュ 顔 角質 クレイ ],スター・ウォーズ:クローン・ウォーズ - ファイナル・シーズン(エピソード 9-12)オリジナル・サウンドトラック [ ケヴィン・カイナー ],フィッシャープライス にこにこ! ラーニング おしゃべりバイリンガル・スマートフォン CDF90 マテルインターナショナル 6ヶ月から,MUG-4CL (4色パック×2セット) ブラックのみ顔料 MUG マグカップ エプソン EPSON用 互換インクカートリッジ EPSON 送料無料【インク革命】,TARO'S アンテナ分波器+アンテナケーブル2Mのセット[2K 4K 8K対応 4CFBケーブル一体型 2本付き 15cm + S-4C-FB L型⇔F型 金メッキプラグ ブラック/ホワイト TS-ABG01-4CLF02 タローズ [送料無料],SA18-8温冷水クーラー 15L【 ウォータークーラー 】 【厨房館】
【ライトノベル】見習い錬金術師はパンを焼く 〜のんびり採取と森の工房生活〜 (全2冊) 全巻セット,,マウス付きワイヤレスキーボード（静音ブルーLEDマウス・ホワイト）,スティックカバー【4個セット】【全国 送料無料】【フルーツのカバー】森 くだもの フルーツ 果実 果物 あつ森 どうぶつ かわいい デコ Nintendo Switch ジョイコン スティックカバー パーツ コントローラー 任天堂 ゲーム 周辺機器 セット カスタマイズ 汚れ防止 滑り止め,【中古】大乱闘スマッシュブラザーズXソフト:Wiiソフト／任天堂キャラクター・ゲーム,首かけ ハンディファン 首掛け扇風機 2020年 最新 首かけ扇風機 2020年 ハンディファン 羽なし 扇風機 ハンズフリー ポータブル 扇風機 ダブルファン 携帯 持ち運び ヘッドホン型扇風機　USB 充電式 ネックファン ミニ ハンディ ※アイスドライスプレー付き,ALBION/アルビオン エクサージュホワイト ホワイトライズ ミルク II 200g (AAAMMO),1/72 Xウイング・ファイター(スター・ウォーズ/スカイウォーカーの夜明け) バンダイスピリッツ,Blackview A80 Pro 4GB+64GB simフリー スマホ 本体 4G 新品 6.49インチ スマートフォン Android 9.0 4680mAhバッテリー 13MP+8MPカメラ 楽天モバイル 顔認証 指紋認識 技適認証済み 送料無料 一年保証,エプソン 純正 インクカートリッジ マグカップ MUG-C シアン(1個)【エプソン(EPSON)】,[1.5m][R1]4K8K放送対応/極細アンテナケーブル/F型プラグ（L型）-F型コネクタ(接栓ネジタイプ)ホワイト FF-4812WH/FF4812WH,タイガー ポータブルクーラー BPK-100P【 ウォータークーラー 冷水器 】 【メイチョー】
【新品】【ライトノベル】見習い錬金術師はパンを焼く 〜のんびり採取と森の工房生活〜 (全2冊) 全巻セット,,エレコム　ELECOM TK-FCM108XBK キーボード　薄型 ブラック [USB /有線][TKFCM108XBK],マイクロSDカード32GB for Nintendo Switch,【中古】ニンテンドー3DSソフト 大乱闘スマッシュブラザーズ for Nintendo3DS (箱説なし),ハンディファン 羽なし 扇風機 ブレードレス デスクファン 卓上 ミニ扇風機 スタンド機能 羽なし扇風機 携帯扇風機 充電式 ミント ブラック プレゼント ギフト 持ち運び 持ち歩き コンパクトイベント テレワーク 便利 コンサート,【クレンジングバーム】CLAYGE クレージュ クレンジングバーム モイスト メイク落とし 毛穴 くすみ マッサージ W洗顔不要,【送料無料】Qドロイド Q-droid スター・ウォーズ 全3種セット【佐川急便出荷】,【シンプル三つ折り保護カバー】Apple iPadとHUAWEI MediaPadとドコモ タブレット dtab/メディアパッド ケース MediaPad ケース/ドコモ タブレット カバー docomo dtab ケース/ iPad ケース/M5 lite M3 T5 10.5 Pro 10.2 ipad ケース 第8世代 2018 ipad6 ipad5 2019 air3,ITH-6CL 6色セット×2 【互換インクカートリッジ】 【EPSON/イチョウ用】 ITH互換シリーズ 【永久保証】 EP-709A EP-710A EP-711A EP-810AB EP-810AW EP-811AB EP-811AW 【送料無料】ITH/ITH−6CL 互換 インクカートリッジ,HAT20-SSBK HORIC アンテナケーブル S-4C-FB同軸 2m ブラック BS/CS/地デジ/新4K8K衛星放送対応 両側F型ネジ式コネクタ ストレート/ストレートタイプ 【ホーリック】【送料無料】,ナカトミ NWC-F30C 水道直結式 床置形ウォータークーラー冷水専用
見習い錬金術師はパンを焼く　のんびり採取と森の工房生活　1／織部ソマリ【1000円以上送料無料】,,エレコム　ELECOM TK-FCM104XBK キーボード ブラック [USB /有線][TKFCM104XBK],任天堂　Nintendo スーパー マリオパーティ[ニンテンドースイッチ ソフト]【Switch】,【中古】Wiiソフト 大乱闘スマッシュブラザーズX,3 1 で冷却デスクトップ羽根なし扇風機ledライトスーパー静音子供のための学生,【送料無料・あす楽】新商品【3本セット】アテニア スキンクリア クレンズ オイル ◆アロマタイプ◆ （レギュラーボトル）175ml【送料無料・即納】　ダブル洗顔不要 クレンジング attenir メイク落とし 正規品 天然植物由来 マツエク 毛穴,スター・ウォーズ:クローン・ウォーズ - ファイナル・シーズン(エピソード 5-8)オリジナル・サウンドトラック [ ケヴィン・カイナー ],ランニング ポーチ アーム スマホ iPhone ケース | アームバンド アームポーチ ホルダー 腕 バンド イヤホンホール 撥水 大容量 メンズ レディース ジョギング ウォーキング ストレッチ ランニングポーチ マラソン キッズ スマホポーチ ダイエット アウトドア 迷彩 黒 茶,【箱なし特価品】EPSON純正品　IC6CL80L　6色パック 増量【ネコポス便発送】,エレコム アンテナケーブル 地デジ BS/CS対応 ネジ式 - ネジ式 F型 テレビ TV アンテナ ケーブル ff 3m ブラック AV-ATNN30BK,パナソニックウォータークーラー(冷水専用タンク式)型式：SD-B185寸法：幅300mm 奥行450mm 高さ625mm送料：無料 (メーカーより)直送保証：メーカー保証付
見習い錬金術師はパンを焼く　のんびり採取と森の工房生活　1／織部ソマリ【合計3000円以上で送料無料】,,エレコム　ELECOM TK-FDP099TWH キーボード　超薄型コンパクト ホワイト [USB /ワイヤレス][TKFDP099TWH],Minecraft Nintendo Switch版 HAC-P-AEUCA,【新品即納】[Switch]大乱闘スマッシュブラザーズ SPECIAL(スペシャル)(20181207),サーキュレーター ブレードレス(羽なし）サーキュレーター扇風機　羽なし　羽なし扇風機　羽なしサーキュレーター　安全　安心　送風機　空気循環　小型扇風機　首振り　おしゃれ　暑さ対策グッズ　熱中症対策,クレンジング 幹細胞コスメ 湘南美容クリニック SBC MEDISPA ドクターズコスメ プロテオグリカン セラミド フラーレン 配合エイジングケア ヒト幹細胞,スターウォーズ フェイスタオル ジャガードロングタオル ダースベイダーフェイス STAR WARS 丸眞 ギフト 雑貨 キャラクター グッズ メール便可 シネマコレクション,[ガラスフィルムセット]iphone11 Pro Max ケース iphone8 ケース iphone8 plus iphoneケース iphone se ケース 極薄/軽量 iPhone6 ケース iPhone6s ケース ソフトTPU透明クリア iPhone XS ケース iPhone XS Max ケース【iphone xr ケース】ピクセル4 ケース,Myink ITH-6CL イチョウ エプソン ITH-6CL 互換 インク 6色セット 残量表示対応 対応プリンター EP-709A/EP-710A/EP-810AB/EP-810AW EPSON,地デジ/BS/CS対応アンテナケーブル(ネジ式-ネジ式)[2m],PE広口下口活栓付瓶 2095 5L【 ウォータークーラー 】 【メイチョー】
見習い錬金術師はパンを焼く　のんびり採取と森の工房生活　1　織部ソマリ/著,,ゲーミングキーボード 有線 7色LEDバックライト USB キーボード 日本語配列 パソコン用 防水 26キー防衝突 Windows/Mac対応 106キー,128GB microSDXCカード for Nintendo Switch マイクロSD SanDisk サンディスク UHS-I U3 R:100MB/s W:90MB/s 海外向けパッケージ品 送料無料,【中古】【Switch】大乱闘スマッシュブラザーズSPECIAL／HAC-P-AAABA／（4902370540734）,NEW 新製品 2020年モデル 風量3段階調整機能 2WAY 羽根無し扇風機 卓上スマホスタンド付き　3色 （ パープル ピンク シルバー ） ハンディ 卓上 スマホ スタンド 扇風機 野外 キャンプ 子ども 暑さ 熱中症 対策 送料無料,クリニーク テイク ザ デイ オフ【CLINIQUE】（ポイントメイク用 クレンジング メイク落とし 化粧落とし）（ギフト）,送料無料 STAR WARS スターウォーズ 食洗機OK 直飲みボトル PSB5SAN キャラクターグッズ お子様用水筒 マグボトル Sk729,プーマ PR アームポケット 053511 01 陸上 ランニング アームポーチ ： ブラック PUMA 0604point,EPSON/インクカートリッジ 6色パック 純正/IC6CL80M,アンテナケーブル 極細 10m 4K対応 8K対応 地デジ BS CS S2.5C 片側L字 アンテナコード ブラック 黒色 テレビ,ホシザキ電気 ウォータークーラー 卓上タイプ AT-12WG
見習い錬金術師はパンを焼く のんびり採取と森の工房生活 1 アリアンローズ / 織部ソマリ 【本】,,エレコム　TK-FCM062WH [メンブレン式キーボード/108キー/USB/Lサイズ/ホワイト],任天堂　Nintendo　SWITCHゲームソフト　ポケットモンスター　ソード,3DS ソフトのみ 大乱闘スマッシュブラザーズ スマブラ 箱取説なし Nintendo 任天堂 ニンテンドー 【中古】,携帯用首掛け羽根なし扇風機/ファン 小型扇風機 ミニ扇風機 携帯扇風機 ハンズフリー ブレードレス ネッククーラー フレキシブルアーム ポータブルファン 三段階風量調節 USB充電式 最大6時間使用可能 静音設計 置き掛け両用 オフィス/アウトドア/スポーツ 送料無料,【全品共通10％クーポンあり】DUO デュオ ザ クレンジングバーム＜D.U.O.／デュオ＞【正規品】【ギフト対応可】,スター・ウォーズ 反乱者たち ファイナル・シーズン BDコンプリート・セット【Blu-ray】 [ テイラー・グレイ ],docomo Galaxy Active neo SC-01H ブラック 本体 [Bランク] IMEI:352955072338527 スマホ 中古 送料無料 当社3ヶ月保証,【時間限定クーポン配布】IC4CL74 x 2セット インク エプソン用互換 インクカートリッジ プリンターインク epson IC74 4色セットx 2セット ICBK74 ICC74 ICM74 ICY74 PX-M5040F PX-M5041F PX-M740F PX-M741F PX-S5040 PX-S740,エレコム　ELECOM 4K8K放送対応 1.0mアンテナケーブル（L型プラグ-ストレートプラグ）ブラック DH-ATLS48K10BK,SA18-8温冷水クーラー 25L 【ウォータークーラー】【喫茶用品】【18-8ステンレス】【Ω】【業務用厨房機器厨房用品専門店】
見習い錬金術師はパンを焼く 〜のんびり採取と森の工房生活〜 1 （アリアンローズ） [ 織部 ソマリ ],,USBキーボード 排水機能付き ブラック SKB-L1UBK サンワサプライ,【楽天5位獲得】強化ガラスフィルム付き Nintendo Switch Lite ケース 耐衝撃 Switch Lite ソフト ケース Switch Lite 保護フィルム 硬度9H ニンテンドー スイッチ ライト シリコンカバー 柔らかい 気泡ゼロ 指紋防止 高透過率 送料無料 ギフト,WiiU ニンテンドーWii U ウィーユー 大乱闘スマッシュブラザーズ for WiiU スマブラ ソフト 任天堂 Nintendo 4902370523133【中古】,首かけ扇風機 羽根なし扇風機 ファンレスファン タービンファン ハンズフリー ポータブル扇風機 髪の毛を巻き込まない 超大容量1800mAh 角度調整 小型 アウトドア 日本語取扱説明書付き スポーツ/夏フェス/運動/ショッピングなど適用,【もっと潤い残してしっかり落とす!!!】大人気のクレンジングが新しくなって送料込み!!!なんと1000円ポッキリ!!!,"Big-Figs Star Wars Episode VII 19"" C-3PO (with Red Arm)スターウォーズ・starwars・フィギア・19インチ・映画・Episode VII・C-3PO",スマホ三脚スタンド　［色指定不可］,ICBK50 ブラック 単品 メール便 送料無料 エプソン 用 互換 インク あす楽 対応 (IC50 IC6CL50 EP-705A IC 50 EP-801A EP-804A EP-802A EP-703A EP-803A EP-704A PM-A840 EP-804AW EP-302 PM-A820 EP-4004 EP-803AW EP-901A EP-301 EP-702A EP-804AR PM-G4500 PM-T960),アンテナケーブル 3m　4K 8K 対応 ネジ式　4C 10MHz-3224MHz Hi-Qケーブルネコポス送料無料,新品 日立 卓上型ウォータークーラー 冷水専用RW-146P(旧 RW-145P)
旅行?包店：與人連結、與食材相遇，鬆?人生、低?熟成的生活哲學月を見てパンを焼く：丹波の山奥に5年先まで予約の取れないパン屋が生まれた理由【電子書籍】[ 塚本久美(Kumi Tsukamoto) ],,有線キーボード / メンブレン式 / コンパクトサイズ / 薄型 / ブラック 有線キーボード エレコム ELECOM TK-FCM107BK,当日発送 Joy-Con(L) ネオンブルー Nintendo Switch ニンテンドー スイッチ 単品 コントローラー 左 その他付属品なし ※パッケージなし商品,【中古】≪NINTENDO SWITCH≫大乱闘スマッシュブラザーズ SPECIAL,ダイソン 羽根なし扇風機 Dyson Pure Cool Me BP01GC ガンメタル/コッパー,花王 ソフィーナ 乾燥肌のための美容液メイク落とし ジェル　《ほのかな花優甘（はなゆうか）の香り)》　155g,1/72 Xウイング・ファイター(スター・ウォーズ/スカイウォーカーの夜明け),スマートフォン完全ガイド　2020年最新版【合計3000円以上で送料無料】,PX-105 エプソン A4カラー対応 インクジェットプリンター EPSON ビジネスインクジェットプリンター,MBUMWS(B) DXアンテナ ケーブル付きBS・CS / UHF分波器 【出力：0.5m】 出力：F型コネクター（ねじ式プラグ),新品 パナソニック ウォータークーラー 冷水専用型 (ボトル式)SD-B185
見習い錬金術師はパンを焼く　のんびり採取と森の工房生活　2／織部ソマリ【1000円以上送料無料】,,エレコム　ELECOM TK-FCM089SBK キーボード　ミニ　静音 ブラック [USB /有線][TKFCM089SBK],任天堂 New スーパーマリオブラザーズ U デラックス パッケージ版 Nintendo Switch(スイッチソフト)(Nintendo Switch)(新品)｜4902370541281｜,大乱闘スマッシュブラザーズSPECIAL[新品],ハンズフリーファン 羽なし 首掛け扇風機 2020 首掛けファン ネックバンド型 扇風機 おしゃれ 首かけ ハンズフリー ポータブル ファン ハンディファン 卓上 扇風機 髪の毛巻き込み防止 キャンプ 工事現場 旅行 フェス 夏 梅雨 熱中症対策 野外 屋外作業 アウトドア扇風機,【正規品】 ザ・ボディショップ サンプチュアス クレンジングバター CA 90ml | クレンジング料 コスメ ギフト 女性 プレゼント 誕生日 結婚祝い 2020 退職 プチギフト クレンジング メイク落とし クレンジングオイル アイメイクリムーバー 化粧落とし,スター・ウォーズ お弁当箱 トリオ コップセット,tower/タワー(山崎実業) キッチン自立式メッシュパネル用スマートフォンスタンド KITCHEN MESH PANEL STAND PARTS（パーツ）スマホスタンド/スマホ立て/オプション品/別売品/部品,IC6CL80L 【黒もう1本！★ネコポスで送料無料】 エプソン互換（EPSON互換） IC6CL80L + IC80L-BK / IC80Lシリーズ 6色セット + 黒 増量版 【互換インクカートリッジ】 IC6CL80 / IC80 シリーズの増量版 安心一年保証,HAT150-121LSWH HORIC アンテナケーブル S-4C-FB同軸 15m ホワイト BS/CS/地デジ/新4K8K衛星放送対応 F型差込式/ネジ式コネクタ L字/ストレートタイプ 【ホーリック】【送料無料】,Panasonic(パナソニック) パナソニックウォータークーラー(SD-B185) EUO8001
絵画 インテリア 額入り 壁掛け複製油絵ジャン＝フランソワ・ミレー パンを焼く女 F20サイズ F20号 727x606mm 絵画 インテリア 額入り 壁掛け 油絵,,ロジクール　Logicool K120 キーボード [USB /コード ][K120],スイッチプレート 木製 ワイド1列 コスモシリーズワイド21対応 ウッドスイッチカバー ササキ工芸 ウォルナット ナラ（ナチュラル） おしゃれ 【あす楽対応】,ニンテンドー ゲームキューブ コントローラ スマブラブラック,ダイソン 空気清浄機 Dyson Pure Cool TP04WSN [ホワイト/シルバー] [タイプ：羽根なし扇風機 モーター種類：DCモーター] 【楽天】 【人気】 【売れ筋】【価格】,DUO　デュオ　ザ　クレンジングバーム　90g【しっとり・もちもち肌へ！楽天最安値に挑戦中】　※お一人様20点限り,レゴ スター・ウォーズ 75536 レンジ・トルーパー,ランニングポーチ　ボトルポーチ　 マラソン　給水ポケット付き　スマホ スマフォ Android アンドロイド iPhone アイフォン ウエストバック ウエストポーチ　防水,エプソン/インクカートリッジ 4色パック/IC4CL69,AC10-365WH/AC10-372BK HORIC アンテナケーブル S-4C-FB同軸 1m BS/CS/地デジ/新4K8K衛星放送対応 両側F型ネジ式コネクタ ストレート/ストレートタイプ 【ホーリック】【送料無料】,Panasonic(パナソニック) パナソニックウォータークーラー(SD-B185) EUO8001
油絵 油彩画 絵画 複製画 ジャン＝フランソワ・ミレー パンを焼く女 F10サイズ F10号 530x455mm すぐに飾れる豪華額縁付きキャンバス,,【ふるさと納税】東プレ　コンピューターキーボード　J(型式：R2-USV-BK AGBZ01)※着日指定送不可,スイッチプレート コンセントカバー スイッチ 照明 照明器具 ペンダントランプ 陶器 北欧 レトロ ナチュラル 雑貨 アメリカンスイッチ DIY 1穴 2穴 3穴 4穴 5穴 6穴 essence エッセンス ss,★人気2点セット★新品　★新品ニンテンドー ゲームキューブ コントローラ スマブラブラック+Switch/Wii U/PC専用 GameCube コントローラーアダプター互換品 セット,【ポイント5倍】ダイソン 空気清浄機 Dyson Pure Cool Me BP01GC [ガンメタル/コッパー] [タイプ：羽根なし扇風機 モーター種類：DCモーター] 【楽天】 【人気】 【売れ筋】【価格】,【必見プレゼント企画】 オルビス オイルカット クレンジングリキッド 150ml [ ORBIS / クレンジング / メイク落とし ]( 00987602 )『4』【 定形外 送料無料 】,スター・ウォーズ エピソード5/帝国の逆襲 オリジナル・サウンドトラック [ ジョン・ウィリアムズ ],ランニングポーチ スリムポーチ スマホポーチ トレーニング ダンス 防水 反射板 男女兼用 メンズ レディース ペイズリー柄 iPhoneXR XSMAX GTLINE Favolic ファボリック,エプソン　EPSON IC6CL70L 純正プリンターインク Colorio（カラリオ） 6色パック（増量）[IC6CL70L さくらんぼ エプソン70l ]【wtcomo】,アンテナケーブル 50cmデジタル放送対応片側L型 Quick方式 アンテナケーブル【50cm】S4C-FB 75Ω/ OFC 高純度銅　：金メッキ仕様　お手軽Quick式COMON(カモン) FQ-05A●片側L型●白色,パナソニック　ウォータークーラー　SD-B185【他商品との同梱配送不可・代引不可】
送料無料【中古】もっとおいしいパンを焼く—毎日食べたいシンプルなパンから世界のめずらしいパンまで70種類を紹介 (主婦の友生活シリーズ) 竹野 豊子,,エレコム メンブレン式キーボード/108キー/USB/Lサイズ/1000万回高耐久/ブラック TK-FCM062BK,【送料無料・即日出荷】Nintendo Switch マリオカート8 デラックス 050704,【送料無料】二ンテンドー ゲームキューブ コントローラ スマブラブラック クリスマス 玩具 プレゼント 接続タップ,【ポイント5倍】ダイソン 羽根なし扇風機 Dyson Pure Cool Link テーブルファン DP03WS [ホワイト/シルバー] [タイプ：羽根なし扇風機] 【楽天】 【人気】 【売れ筋】【価格】,ホットジェル クレンジング メイク落とし 日本製 W洗顔不要 マツエクOK 毛穴 引き締め マッサージ くすみ 保湿 パック KIMESHIRO キメシロ 200g,【再生産】1/48 AT-ST (スターウォーズ) バンダイ,UMIDIGI A7 Pro 64GB SIMフリースマホ (スマートフォン) 本体 国内版 新品 6.3インチ大型画面|4コア|メイン+マクロ+超広角+深度カメラ|4150mAh大型バッテリー|Andoroid10|4G LTE 2回線同時待受,IC6CL80 6色セット×2 【IC6CL80 大容量/増量タイプ】 【互換インクカートリッジ】 EP社 IC80 / IC6CL80インク 【送料無料】【永久保証】 EP-707A EP-708A EP-777A EP-807AB EP-807AR EP-807AW EP-808AB EP-808AR EP-808AW EP-907F EP-977A3 EP-978A3 EP-979A3 【EPSON用】,アンテナケーブル F型 4m 日本製F型ネジ式(オス - オス) 両端ストレートSSA S4-FP-FP-4mS4C-FB / 75Ω地上デジタル / 衛星放送(BS/CS) 4K / 2K 対応メール便対応,ホシザキ・星崎ウォータークーラー(卓上型)型式：AT-12HWG寸法：幅300mm 奥行458mm 高さ560mm送料：無料 (メーカーより)直送保証：メーカー保証付温冷切替式
【中古】もっとおいしいパンを焼く　主婦の友生活シリーズ / 竹野豊子,,カシオ 大人の楽らくキーボード　LK-516【送料無料】ピアノ キーボード 自動演奏 光る鍵盤 カラオケ 初めて カンタン ココチモオリジナル楽器 マイク ヘッドホン 脳トレ 楽々キーボード らくらくキーボード,太鼓の達人 Nintendo Switchば〜じょん！　HAC-P-AGGXA,ニンテンドー ゲームキューブ コントローラ スマブラブラック 接続タップ セット商品 クリスマス プレゼント 玩具 おもちゃ,風量3段階調整機能 2WAY羽根無し扇風機 専用卓上スタンド付き 羽がない 羽のない扇風機 ハンディファン USB充電 風量3段階 充電 ケーブル付属 【色/パープル】,【ゆうパケットのみ送料無料】マードゥレクス エクスボーテ エクストオイルクレンジング 150ml≪クレンジング≫『4511981010811』＜EXBT＞,子供 男の子 Tシャツ 半袖 半袖Tシャツ シンプル スター・ウォーズ キッズ キッズファッション カットソー トップス カジュアル おしゃれ かっこいい ボーイズ スター・ウォーズTシャツ 326127081 夏服 夏物 春 夏,iPhone11 ケース iphone11 pro ケース iphone11 iphone xr ケース iphoneケース iphone8 ケース iphone7ケース iphone 11 pro max ケース 薄型 軽量 クリア カバー ソフト TPU シリコン 透明 シンプル iphone xs ケース iphone x ケース iphone se ケース,IC6CL70　エプソン純正　インクカートリッジ　6色パック　さくらんぼ,4K 8K 対応 アンテナケーブル 10m /4C/ ネジ式10MHz-3224MHz Hi-Qケーブル宅配便送料無料,SA18-8温冷水クーラー 35L 【ウォータークーラー】【喫茶用品】【18-8ステンレス】【Ω】【業務用厨房機器厨房用品専門店】
「バーミキュラ」でパンを焼く パリパリ、しっとり、失敗知らず,,「1年間品質保証付き」キーボード ゲーミングキーボード メカニカルキーボード 青軸 全鍵104キー防衝突 バックライト搭載 1680万色18種RGB発光モード カスタマイズ可能　キー10000万使用寿命 USB有線,新品/送料無料 Nintendo Switch 本体 (ニンテンドースイッチ) Joy-Con(L)/(R) グレー(バッテリー持続時間が長くなったモデル),【送料無料】大乱闘 スマッシュ ブラザーズ for ニンテンドー 3DS - 3DS,◎【送料無料・新品】（ブルー）冷暖両用スリム扇風機+ヒーター リビング扇風機 羽なし扇風機 電気ファンヒーター 機能 転倒オフ 自動首振り タイマー機能 省エネ 冷暖兼用 リモコン MYR,ビタミンC誘導体 配合 クレンジングジェル EXCクレンジングゲル 120g 約1ヶ月分ビタミンEも配合な贅沢 ジェルクレンジング【 コンビニ受取可】洗顔もクレンジングもこれ1本でOK ダブル洗顔（ W洗顔 ）不要,トミカ スター・ウォーズ スター・カーズ ファースト・オーダー ストームトルーパー アドトラック(スカイウォーカーの夜明け),ハローキティ おしゃべりタッチフォン キティちゃん タッチフォン おしゃべり ボタン たくさん カラフル キティグッズ かわいい おもちゃ 携帯 キッズ 子供 スマホ ギフト,[インク詰まりの少ない高品質互換インク] EPSON エプソン IC78 IC4CL78 4色セット [ICチップ付][保証付][ハロウィンのポストカードや、運動会等の写真の印刷に],マスプロ電工 4K対応2CTV接続ケーブル2M SCT2FLW-P ブラック,西山工業　冷水機（水道直結床置ウォータークーラー）　MF-51P2
「バーミキュラ」でパンを焼く パリパリ、しっとり、失敗知らず,,エレコム ワイヤレス プレミアム メンブレンキーボード 無線 ワイヤレス 2.4GHz TK-FDM088TBK,【送料無料・即日出荷】Nintendo Switch 大乱闘スマッシュブラザーズ SPECIAL スマブラ 050883,【任天堂純正品】ニンテンドー ゲームキューブ コントローラ スマブラブラック,【ポイント5倍】ダイソン 羽根なし扇風機 AM07DCBN タワーファン [ブラック/ニッケル] [タイプ：羽根なし扇風機 モーター種類：DCモーター] 【楽天】 【人気】 【売れ筋】【価格】,ナリス化粧品　ルクエ　wクレンジング　フォーム（クレンジング・洗顔料）　100g,【パンツ3枚購入メール便送料無料】スターウォーズSTAR WARS ボクサーパンツ ストームトルーパー総柄( L)ユニセックス/プレゼント,Galaxy S10 simフリー スマホ 本体 新品 スマートフォン 本体 楽天モバイル 端末のみ 楽天モバイル対応,【時間限定クーポン配布】IC6CL80L インク プリンターインク エプソン 互換インク インクカートリッジ epson IC80 6色セット IC6CL80 ICBK80l ICC80l ICM80l ICY80l ICLC80l 80l EP-708A EP-777A EP-807AB EP-808AW EP-707A EP-777A EP-807AB EP-807AW EP-808AB EP-982A3,[1m][R]4K8K放送対応/極細アンテナケーブル/F型プラグ（L型）-F型コネクタ(接栓ネジタイプ)ホワイト金メッキ FNT-2CNL-GW10/FNT2CNLGW10,「バカンス クーラーカバー付きスクエアピッチャー2.1L パニエ」 ウォーターピッチャー ウォータークーラー お茶 お茶ポット 保冷 夏 おしゃれ
「バーミキュラ」でパンを焼く パリパリ、しっとり、失敗知らず,,キーボード Bluetooth ワイヤレス 静音設計 無線 iOS Android Mac Windows EGBOARD,【4点セット】バッテリー時間が長くなったNintendo Switch 本体＋スーパーマリオオデッセイセット！[本体]+[ソフト]+[充電グリップ]+[ケース]※後払い不可※任天堂スイッチ本体新型,64 ニンテンドー64 本体 すぐ遊べるセット ソフト付き(スマブラ64) グレーコントローラー2点 Nintendo64 【中古】送料無料,羽根なし扇風機　　USB扇風機　ブレードレスファン　ハンディファン 携帯 扇風機 ミニ扇風機 充電式 手持ち 節電 ファン無し 子供が触っても安心 コンパクト リビング扇風機 空気ファ,◆最大1000円引クーポンあり10/14 9:59迄★国内正規品◆ シュウウエムラ アルティム8 ∞ インフィニティ スブリム ビューティ クレンジング オイル 450mL ☆( アルティム エイト shuuemura ☆☆,スターウォーズ 保温保冷マグカップ 真空ステンレス二重MUG レイヤ姫＆R2-D2 STAR WARS ヤクセル 300ml ギフト 雑貨 キャラクターグッズ シネマコレクション,【白ロム】ドコモ docomo F-02E ARROWS X 全2色 スマートフォン 携帯電話 白ロム 新品未使用品 アンドロイド スマホ 判定〇,ICC76 ビジネスインクジェット用 インクカートリッジ(シアン),TARO'S アンテナ分波器 4K8K放送(3224MHz)/BS/CS/地デジ/CATV 対応 ニッケルメッキ 2.5C極細ケーブル 2本付き 一体型 15cm 小型ボディ 2重シールド TS-ABS03 [送料無料],★【180】MF-51P2 東芝 TOSHIBA 西山工業（株）ウォータークーラー 水道直結 床置き MF51P2
【新品】【本】「バーミキュラ」でパンを焼く　パリパリ、しっとり、失敗知らず　高橋雅子/著,,タイムリー TM-UKEY108BK 有線キーボード 日本語108キー,液晶保護フィルム付 Nintendo Switch ハードケース Nintendo Switch Lite ケース ニンテンドースイッチ 収納カバー 任天堂 スイッチライト ポーチ EVAポーチ ゲームカード最大8枚収納可 キャリングケース ストラップ付 耐衝撃 気泡ゼロ 指紋防止 送料無料,【コントローラ2個＋接続タップ1個セット】ゲームキューブ コントローラ 互換品 Switch/WiiU対応,【送料無料】 最新型!! 羽根がない首掛け扇風機 ノーウィングファン ホワイト ハンズフリー 3段階風量調整 USB充電式 RS-E1218 羽なし扇風機 羽根なし扇風機,クレンジングジェル メイク落とし エステソフィー 500ml ( 5038 ） [ 化粧落とし 毛穴 黒ずみ 業務用 大容量 エステサロン 韓国 ][ E-1-2-1 ],スター・ウォーズ フォースの覚醒 MOVIE Vinyl Collection 01 カイロ・レン　【 Disney STAR WARS フィギュア コレクション 】50s,アンパンマン おおきなよくばりボックス おもちゃ こども 子供 知育 勉強 ベビー 0歳10ヶ月,EPSON インクジェットプリンタ PX-105 プリンター,送料無料 !( 規格内 ) F型 4K 対応 アンテナケーブル　ネジ式 4C アンテナケーブル 1.5m 150cm 地上 BS CS デジタル放送対応！ 1.5m アンテナケーブルコネクター (検索: F型コネクター 4K 対応 テレビ ) 送料込 ◇ SSAネジ式4Cケーブル1.5m,ウォータークーラー(水道直結式) 自動洗浄機能 RW-226PD 日立
「バーミキュラ」でパンを焼く　パリパリ、しっとり、失敗知らず／高橋雅子／レシピ【合計3000円以上で送料無料】,,バッファロー 有線キーボード　　スタンダード　BSKBU14シリーズ　スリム（102キー） BSKBU14BK　（ブラック）,【即納★新品】NSW Nintendo Switch ACアダプター,nesta bran NESTA BRAND ネスタTシャツ NESTA BRAND ネスタブランドTシャツ ネスタライオン フロント貼り付け刺繍T 長袖Tシャツ アームプリント,【中古】3つのブリーズモード、ポータブル静かな羽根無し扇風機、部屋、静かで省スペースのための冷却ファンリモコン付きタワーファン (Color : Gold),花王　ソフィーナ　SOFINA CLEANSE　乾燥肌のための美容液メイク落とし　クリーム　200g,[FUNKO（ファンコ）] FUNKO POP! STAR WARS: Rise of Skywalker - Dark Rey ＜スター・ウォーズ/スカイウォーカーの夜明け＞,ポイント10倍 バイクグローブ 夏用 春夏用 スマホ 対応 バイク 手袋 しっかり保護 バイク グローブ 自転車用 滑り止め 手袋 男女兼用 スマートフォン対応 スマホ操作 タッチパネル ライダーグローブ メンズ レディース バイク グローブ 送料無料,エプソン RDH-BK-L インクカートリッジ(ブラック増量) 目安在庫=○,[月間優良ショップ選出][R][アンテナケーブル中継！]F型中継コネクターアンテナケーブル延長プラグ　F型中継接栓AD2071P,ピーコックステンレスキーパー IDS-150S(XA)【 ウォータークーラー 冷水器 】 【厨房館】
ジャン＝フランソワ・ミレー パンを焼く女 F30サイズ F30号 910x727mm 送料無料　 額縁付絵画 インテリア 額入り 壁掛け複製油絵ジャン＝フランソワ・ミレー,,エレコム フルキーボード ワイヤレス マウス付き TK-FDM063BK ブラック(1個)【エレコム(ELECOM)】,Nintendo Switch 修理 スイッチ ジョイコン スティック 修理 【003】joy-con 修理 switch 修理パーツ スイッチ ジョイコン 修理セット ニンテンドー スイッチ 修理キット スティック2点セット ジョイコンカバー ジョイコン ケース,【新品】switch 大乱闘スマッシュブラザーズスペシャル　パッケージ版,【中古】羽なし扇風機 羽根無し扇風機ポータブル静かなエアーマルチプライヤータワーフロア立ち冷却ファン - リモコン付きプレミアムブレードレスファン,【公式】フレッシュ クリア サクラ クレンジング オイル/150mL/ shu uemura シュウウエムラ 正規品,MIZUNO（ミズノ）半袖 Tシャツ（32MA6W20）（STARWARS/スターウォーズ/スポーツ/トレーニング/カジュアル/吸汗速乾/男性用/メンズ）,異世界はスマートフォンとともに。　（8） （角川コミックス・エース） [ そと ],ICM76 ビジネスインクジェット用 インクカートリッジ(マゼンタ),日本製デジタル放送対応両端ネジ式 アンテナケーブルSSA S4-FP-FP-10長さ10mS4C-FB 75Ω両端ネジ式,サーモス 高性能温冷ディスペンサー JIJ-19L(レバー式)【代引き不可】【ウォータークーラー】【業務用】
,,【選ばれて安心No.1!】 余裕の強力性能ならコレ! デスクトップパソコン 中古 マニュアル付 初期設定不要！すぐ使える！ SSD 480GB 8GB Corei5 パソコン 大画面23型液晶 DELL OptiPlex シリーズ Windows10 Office付き 中古デスクトップ 中古PC,新品/送料無料 あつまれ どうぶつの森 任天堂スイッチ Nintendo Switch,大乱闘スマッシュブラザーズX - Wii,【中古】扇風機 タワーファン スリム羽根無し扇風機タイマー付 扇風機スリムタワーファン リモコン付きリングナイトライト 7.5Hタイミング 速冷 タイマー,【ラベンダーの香り！とろけるクレンジング お得な3個セット・送料無料】ink. クレンジングバーム ラベンダー （90g・約50日分×3個),ポスターフレーム（スターウォーズ/ドロイドワールド） ■ アメリカ雑貨 アメリカン雑貨 壁掛け 壁飾り インテリア雑貨 おしゃれ 人気 アンティーク 壁面装飾 絵 装飾 ディスプレイ 内装 ウォールデコレーション アメキャラ アメコミ ポスター レトロ,【あす楽】GORIX ゴリックス ランニングポーチ ボトル ボトルポーチ ランニング スマホ バッグ ウェスト 防水 夜間反射 男女兼用 自転車 マラソン 音楽イヤホンホール付き (Belt2),EPSON純正インク　KUI-6CL　6色セット　クマノミ,【メール便送料無料】4K/8K対応　S4CFB アンテナケーブル　1m　ホワイト　4K対応 同軸ケーブル　SED　GHC-SL1M　【返品保証】 地上デジタル BS CS対応 テレビケーブル アンテナコード TVケーブル,"クーラー 冷温水用 (シングル) 18-8 15L 【 業務用 】【送料無料】 冷水器,ウォータークーラー /テンポス"
,,YAMAHA 電子キーボード　piaggero（ピアジェーロ）（61鍵盤／ブラック） NP‐12B,太鼓の達人 Nintendo Switchば〜じょん! 送料無料 【SK08324】,,ダイソン 羽根なし扇風機 Dyson Pure Cool Link テーブルファン DP03WS [ホワイト/シルバー] [タイプ：羽根なし扇風機] 【楽天】 【人気】 【売れ筋】【価格】,●CLAYGE クレージュ クレンジング 洗顔 セット メイク落とし 毛穴 くすみ 洗顔 クレンジングジェル,STAR WARS FLASH DEATH STAR 基板アート iPhoneX/XSケース【ご注文より20営業日前後にて発送】,【ポスト投函送料無料】アンパンマンもしもしおでかけスマートフォン用 ブルーライトカット保護フィルム　【RCP】【smtb-kd】,ITH-6CL 6色セット 【互換インクカートリッジ】 【EPSON/イチョウ用】 ITH互換シリーズ 【永久保証】 EP-709A EP-710A EP-711A EP-810AB EP-810AW EP-811AB EP-811AW 【送料無料】ITH/ITH−6CL 互換 インクカートリッジ,"【1500円OFFクーポン配布中】テレビ 43型 43インチ 4K対応 液晶テレビ JU43SK03 メーカー1,000日保証 地上・BS・110度CSデジタル 外付けHDD録画機能 ダブルチューナーmaxzen マクスゼン",パナソニック ウォータークーラーSD-B185（ボトル式）　送料無料
,,STARABA ゲーミングキーボードマウスセット 防水 有線 メンブレン　英字配列 虹色 イルミネーション 19キー防衝突 キーボード　マルチメディア,任天堂 SWITCHゲームソフト 大乱闘スマッシュブラザーズ　SPECIAL,,【ポイント5倍】ダイソン 羽根なし扇風機 AM06DC30WS テーブルファン 300mm [ホワイト/シルバー] [タイプ：羽根なし扇風機 モーター種類：DCモーター] 【楽天】 【人気】 【売れ筋】【価格】,コーセー　コスメデコルテ　COSME DECORTE　AQ　ミリオリティ　リペアクレンジングクリームn　150g【楽天最安値に挑戦中】,【公式】アディダス adidas ランニング スターウォーズ 4UTURE RNR / Star Wars 4uture RNR キッズ シューズ スポーツシューズ 白 ホワイト FV5788 ランニングシューズ スパイクレス,Androidスマートフォン完全マニュアル2020(最新情報対応版)【電子書籍】,エプソン　EPSON 写真用紙ライト　薄手光沢（A4サイズ・100枚）　KA4100SLU[KA4100SLU]【rb_pcp】,マスプロアンテナ　MASPRO 【ビックカメラグループオリジナル】4K8K衛星放送対応 5mアンテナケーブル（ストレートプラグ-ストレートプラグ） BKSSJ5WKP【point_rb】,
,,タイムリー 有線キーボード＆マウス（日本語108キー・ブラック／2ボタン） TM−UKEY108BKMSET,ルイージマンション3 Nintendo Switch　HAC-P-AG3JA,,,【あす楽対応】【店内P最大16倍以上&300pt開催】【DHC直販】【送料無料/お買い得】ディークレ マイルドソープ マイルドローション オリーブバージンオイル DHCオリーブすべすべセットI | dhc 化粧品 化粧水 洗顔 クレンジング セット スキンケア DHC ディーエイチシー 毛穴,LEGO レゴ STAR WARS スターウォーズ C-3PO キーチェーンLEDライト C3PO あす楽対応,【中古】美品 SO-01B Xperia ラスターホワイト 安心保証 即日発送 DoCoMo スマホ SONY SOー01B 本体 白ロム あす楽,IC6CL70L 好きな色12個 【IC6CL70L 大容量/増量タイプ】 【互換インクカートリッジ】 IC70Lシリーズ 【永久保証】 【送料無料】,マスプロ 4K8K衛星放送対応　1mアンテナケーブル（F型接栓−F型接栓）4C BKFFJ1WKP,
,,エレコム TK-FDP099TBK 無線薄型コンパクトキーボード,Nintendo Switch スイッチ 4台同時充電 ジョイコン 充電ドック 充電スタンド Joy-Con コントローラー 充電 充電器 任天堂 ニンテンドー【送料無料】ポイント消化,,,ホワイト洗顔パウダーC+ 3本 【ファンケル 公式】 [ FANCL 洗顔 洗顔料 基礎化粧品 スキンケア フェイスウォッシュ 無添加 コスメ パウダー 洗顔フォーム ホワイトクレイ クレイ洗顔 ビタミンC誘導体 ミネラル フェイスケア 角質ケア 洗顔石鹸 洗顔せっけん 顔 角質 ],アディダス バックパック ジュニア STAR WARS スターウォーズ FN0979 GVE28 adidas,【ファーウェイ公式】HUAWEI P40 lite E （ブラック） 約6.39インチ フルビューディスプレイ 最大4800万画素のAIトリプルカメラ 4000mAh大容量バッテリー スマホ本体 スマートフォン本体 simフリー【送料無料】,カラリオプリンター用インクカートリッジ(増量6色パック),,
,,Bluetoothキーボード スリム 薄型 英字配列 ワイヤレス キーボード 技術基準適合品(技適あり) Android iOS Mac Windows,Nintendo Switch スイッチ スタンド 6段階 角度調整 コンパクト 折り畳み 立てかけ 角度 調整 充電 便利 任天堂 ゲーム 周辺機器 非正規品 寝ながら スマホ 任天堂,,,ヘイミッシュ オール クリーン バーム国内発送 HEIMISH 人気 120ml プチプラ クレンジング 毛穴管理 lattencos ラテアンドコス 韓国コスメ,メタコレ　スター・ウォーズ #08　カイロ・レン ダイキャスト製　塗装済み　可動フィギュア　決算,ランニングポーチ 揺れない 通販 ウエストポーチ メンズ レディース ランニング ボトルポーチ ペットボトル スマホ スマートフォン 軽量 軽い 伸縮 防水 反射材付き マラソン ジョギング ウォーキング トレーニング ジム 釣り 登山,カラリオプリンター用 インクカートリッジ/カメ（6色パックM/ブラックのみ増量）,,
